EPOCH__yyyy-mm-ddThh:mm:ss.sssZ,BX_GSE_(@_x_component_)_nT,BY_GSE_(@_y_component_)_nT,BZ_GSE_(@_z_component_)_nT
2008-12-14T00:00:00.000Z,0.896000,-2.62000,0.105000
2008-12-14T00:04:00.000Z,0.991000,-2.84600,0.702000
2008-12-14T00:08:00.000Z,0.0360000,-3.04400,0.626000
2008-12-14T00:12:00.000Z,-0.240000,-2.98600,0.769000
2008-12-14T00:16:00.000Z,-1.41400,-2.42100,1.18200
2008-12-14T00:20:00.000Z,-2.17100,-2.13800,1.23700
2008-12-14T00:24:00.000Z,-2.12100,-2.48700,1.03400
2008-12-14T00:28:00.000Z,-1.74400,-2.85100,0.506000
2008-12-14T00:32:00.000Z,-2.16900,-2.38000,0.980000
2008-12-14T00:36:00.000Z,-2.43600,-1.90000,1.35600
2008-12-14T00:40:00.000Z,-1.89700,-2.22500,1.23500
2008-12-14T00:44:00.000Z,-1.96400,-2.31800,1.36300
2008-12-14T00:48:00.000Z,-2.09000,-2.51500,1.09700
2008-12-14T00:52:00.000Z,-1.81700,-2.84700,0.215000
2008-12-14T00:56:00.000Z,-2.52600,-1.86000,1.37300
2008-12-14T01:00:00.000Z,-2.13600,-2.17800,1.32400
2008-12-14T01:04:00.000Z,-2.73600,-1.75400,1.17900
2008-12-14T01:08:00.000Z,-2.70200,-1.77500,1.24300
2008-12-14T01:12:00.000Z,-2.15200,-2.69100,-0.210000
2008-12-14T01:16:00.000Z,-3.00300,-1.49600,1.07900
2008-12-14T01:20:00.000Z,-2.23000,-2.24100,0.293000
2008-12-14T01:24:00.000Z,-1.54800,-2.90000,-0.803000
2008-12-14T01:28:00.000Z,-1.80300,-2.71500,-0.328000
2008-12-14T01:32:00.000Z,-2.97200,-1.62200,0.139000
2008-12-14T01:36:00.000Z,-2.99300,-1.60600,0.215000
2008-12-14T01:40:00.000Z,-1.74500,-2.82300,0.678000
2008-12-14T01:44:00.000Z,-0.272000,-2.72900,1.59300
2008-12-14T01:48:00.000Z,-1.89700,-2.57800,0.247000
2008-12-14T01:52:00.000Z,0.608000,-2.70200,-1.12300
2008-12-14T01:56:00.000Z,-2.51800,-2.27100,0.487000
2008-12-14T02:00:00.000Z,-1.73700,-2.92800,0.577000
2008-12-14T02:04:00.000Z,-2.69100,-1.55400,0.761000
2008-12-14T02:08:00.000Z,-3.65200,-0.606000,1.11100
2008-12-14T02:12:00.000Z,-3.62400,-0.871000,1.09200
2008-12-14T02:16:00.000Z,-3.65200,-0.933000,1.08700
2008-12-14T02:20:00.000Z,-3.57500,-1.00800,1.05200
2008-12-14T02:24:00.000Z,-3.55400,-1.24700,0.914000
2008-12-14T02:28:00.000Z,-3.47700,-1.52100,0.770000
2008-12-14T02:32:00.000Z,-3.10500,-1.96000,0.536000
2008-12-14T02:36:00.000Z,-2.99000,-1.97700,0.581000
2008-12-14T02:40:00.000Z,-2.83800,-2.15200,0.543000
2008-12-14T02:44:00.000Z,-3.04000,-2.16500,0.827000
2008-12-14T02:48:00.000Z,-2.91700,-2.32200,0.837000
2008-12-14T02:52:00.000Z,-2.91800,-2.22500,0.862000
2008-12-14T02:56:00.000Z,-2.44800,-2.54400,0.834000
2008-12-14T03:00:00.000Z,-0.875000,-3.44700,0.476000
2008-12-14T03:04:00.000Z,0.206000,-3.65800,0.204000
2008-12-14T03:08:00.000Z,0.572000,-3.42800,0.123000
2008-12-14T03:12:00.000Z,3.43400,-1.48900,-0.790000
2008-12-14T03:16:00.000Z,2.59200,-2.72600,-0.290000
2008-12-14T03:20:00.000Z,2.41000,-2.84800,-0.308000
2008-12-14T03:24:00.000Z,2.33400,-3.00300,-0.107000
2008-12-14T03:28:00.000Z,2.19800,-3.06100,-0.312000
2008-12-14T03:32:00.000Z,2.23200,-2.94100,-0.501000
2008-12-14T03:36:00.000Z,2.54900,-2.73700,-0.413000
2008-12-14T03:40:00.000Z,2.14800,-2.94700,-0.435000
2008-12-14T03:44:00.000Z,2.21400,-3.06500,-0.196000
2008-12-14T03:48:00.000Z,3.36800,-1.96300,-0.840000
2008-12-14T03:52:00.000Z,3.66600,-0.955000,-1.00400
2008-12-14T03:56:00.000Z,3.58700,-1.49300,-0.250000
2008-12-14T04:00:00.000Z,3.87300,-1.09200,-0.308000
2008-12-14T04:04:00.000Z,4.10200,-0.869000,-0.230000
2008-12-14T04:08:00.000Z,4.11700,-0.716000,0.0610000
2008-12-14T04:12:00.000Z,4.07900,-0.729000,0.382000
2008-12-14T04:16:00.000Z,4.08000,-0.962000,0.462000
2008-12-14T04:20:00.000Z,3.87300,-1.61700,0.368000
2008-12-14T04:24:00.000Z,3.54700,-1.81900,0.0950000
2008-12-14T04:28:00.000Z,3.52600,-1.34800,0.537000
2008-12-14T04:32:00.000Z,3.31800,-1.96100,0.614000
2008-12-14T04:36:00.000Z,2.40800,-2.83900,0.301000
2008-12-14T04:40:00.000Z,2.23200,-3.01400,0.364000
2008-12-14T04:44:00.000Z,2.20000,-3.01400,-0.112000
2008-12-14T04:48:00.000Z,2.38400,-2.93100,0.184000
2008-12-14T04:52:00.000Z,2.19500,-2.99800,0.162000
2008-12-14T04:56:00.000Z,2.85300,-2.56400,0.265000
2008-12-14T05:00:00.000Z,3.01400,-2.63500,0.349000
2008-12-14T05:04:00.000Z,2.76100,-2.52400,0.509000
2008-12-14T05:08:00.000Z,1.07700,-3.07100,0.110000
2008-12-14T05:12:00.000Z,0.274000,-2.88000,-0.264000
2008-12-14T05:16:00.000Z,-2.60000,-1.52800,-0.557000
2008-12-14T05:20:00.000Z,-2.30900,-1.81900,-0.927000
2008-12-14T05:24:00.000Z,-1.88400,-2.40900,-0.996000
2008-12-14T05:28:00.000Z,-1.61200,-2.71700,-0.353000
2008-12-14T05:32:00.000Z,-1.84800,-2.35200,-0.657000
2008-12-14T05:36:00.000Z,-1.28500,-2.73700,-0.0260000
2008-12-14T05:40:00.000Z,-1.25300,-2.75900,-0.294000
2008-12-14T05:44:00.000Z,-1.46500,-2.35400,-0.497000
2008-12-14T05:48:00.000Z,-1.32600,-2.14800,-1.28800
2008-12-14T05:52:00.000Z,-0.723000,-2.54100,-0.401000
2008-12-14T05:56:00.000Z,0.869000,-2.69700,0.909000
2008-12-14T06:00:00.000Z,0.641000,-2.78300,0.459000
2008-12-14T06:04:00.000Z,0.754000,-2.73100,0.445000
2008-12-14T06:08:00.000Z,0.496000,-2.60700,0.128000
2008-12-14T06:12:00.000Z,2.72700,-1.68900,0.570000
2008-12-14T06:16:00.000Z,2.65800,-1.86100,0.636000
2008-12-14T06:20:00.000Z,2.60700,-2.01900,0.470000
2008-12-14T06:24:00.000Z,2.63500,-2.07700,0.246000
2008-12-14T06:28:00.000Z,2.49000,-2.31800,0.0390000
2008-12-14T06:32:00.000Z,2.56700,-2.33800,0.0430000
2008-12-14T06:36:00.000Z,2.50700,-2.31000,-0.0640000
2008-12-14T06:40:00.000Z,2.55000,-2.29000,-0.218000
2008-12-14T06:44:00.000Z,2.54800,-2.31300,-0.332000
2008-12-14T06:48:00.000Z,2.62200,-2.19400,-0.386000
2008-12-14T06:52:00.000Z,2.75500,-2.09600,-0.191000
2008-12-14T06:56:00.000Z,2.72800,-2.03600,-0.123000
2008-12-14T07:00:00.000Z,2.98100,-1.71200,-0.0400000
2008-12-14T07:04:00.000Z,3.04700,-1.48600,0.276000
2008-12-14T07:08:00.000Z,2.65900,-1.91600,0.277000
2008-12-14T07:12:00.000Z,2.55300,-2.07600,0.0970000
2008-12-14T07:16:00.000Z,2.40000,-2.26800,-0.260000
2008-12-14T07:20:00.000Z,2.66400,-1.91500,-0.226000
2008-12-14T07:24:00.000Z,2.61100,-1.87900,-0.304000
2008-12-14T07:28:00.000Z,2.54100,-2.07600,-0.511000
2008-12-14T07:32:00.000Z,2.43900,-2.26600,-0.149000
2008-12-14T07:36:00.000Z,0.651000,-2.26600,-0.400000
2008-12-14T07:40:00.000Z,1.48000,-2.33300,0.469000
2008-12-14T07:44:00.000Z,0.507000,-2.74700,0.0150000
2008-12-14T07:48:00.000Z,2.01800,-2.44600,0.184000
2008-12-14T07:52:00.000Z,1.07800,-2.71200,0.272000
2008-12-14T07:56:00.000Z,1.30300,-2.75000,0.374000
2008-12-14T08:00:00.000Z,0.963000,-2.79500,0.552000
2008-12-14T08:04:00.000Z,1.74500,-2.53200,0.998000
2008-12-14T08:08:00.000Z,1.96300,-2.19900,1.35600
2008-12-14T08:12:00.000Z,2.04600,-2.03800,1.35000
2008-12-14T08:16:00.000Z,2.42300,-1.77800,1.18500
2008-12-14T08:20:00.000Z,2.36900,-1.85200,1.33200
2008-12-14T08:24:00.000Z,2.47900,-1.69300,1.47900
2008-12-14T08:28:00.000Z,2.26700,-1.65900,1.29500
2008-12-14T08:32:00.000Z,2.52900,-0.918000,1.60100
2008-12-14T08:36:00.000Z,2.41700,-0.386000,1.86900
2008-12-14T08:40:00.000Z,2.47600,-1.18800,1.33500
2008-12-14T08:44:00.000Z,2.39100,-0.994000,1.54200
2008-12-14T08:48:00.000Z,2.40000,-0.785000,1.57400
2008-12-14T08:52:00.000Z,2.49900,-0.562000,1.52900
2008-12-14T08:56:00.000Z,2.38000,-0.535000,1.40800
2008-12-14T09:00:00.000Z,2.54300,-0.406000,1.51500
2008-12-14T09:04:00.000Z,2.51000,-0.130000,1.46700
2008-12-14T09:08:00.000Z,2.48400,-0.394000,1.30800
2008-12-14T09:12:00.000Z,2.55300,-0.632000,1.25700
2008-12-14T09:16:00.000Z,2.56300,-0.423000,1.32600
2008-12-14T09:20:00.000Z,2.71600,-0.293000,1.17200
2008-12-14T09:24:00.000Z,2.73100,-0.260000,1.08100
2008-12-14T09:28:00.000Z,2.75100,0.0680000,0.951000
2008-12-14T09:32:00.000Z,2.77800,0.0710000,0.926000
2008-12-14T09:36:00.000Z,2.80000,-0.0650000,1.08200
2008-12-14T09:40:00.000Z,2.76000,0.513000,0.883000
2008-12-14T09:44:00.000Z,2.67200,1.02900,0.677000
2008-12-14T09:48:00.000Z,2.91000,0.620000,0.603000
2008-12-14T09:52:00.000Z,2.93000,0.288000,0.714000
2008-12-14T09:56:00.000Z,2.97700,0.235000,0.485000
2008-12-14T10:00:00.000Z,2.96300,0.303000,0.401000
2008-12-14T10:04:00.000Z,2.98000,0.329000,0.377000
2008-12-14T10:08:00.000Z,2.99200,-0.0800000,0.322000
2008-12-14T10:12:00.000Z,3.01800,-0.190000,0.143000
2008-12-14T10:16:00.000Z,3.01900,-0.378000,0.136000
2008-12-14T10:20:00.000Z,3.05300,-0.232000,0.267000
2008-12-14T10:24:00.000Z,3.04900,-0.136000,0.302000
2008-12-14T10:28:00.000Z,3.08800,-0.249000,0.0640000
2008-12-14T10:32:00.000Z,3.08100,-0.138000,0.231000
2008-12-14T10:36:00.000Z,3.02800,-0.0140000,0.369000
2008-12-14T10:40:00.000Z,2.73200,-0.532000,0.207000
2008-12-14T10:44:00.000Z,2.77700,-0.815000,0.328000
2008-12-14T10:48:00.000Z,2.85800,-0.731000,0.131000
2008-12-14T10:52:00.000Z,2.85200,-0.748000,0.230000
2008-12-14T10:56:00.000Z,2.89900,-0.613000,0.294000
2008-12-14T11:00:00.000Z,2.99800,-0.239000,0.370000
2008-12-14T11:04:00.000Z,2.99800,0.00700000,0.374000
2008-12-14T11:08:00.000Z,2.95900,0.409000,0.525000
2008-12-14T11:12:00.000Z,2.95100,0.441000,0.491000
2008-12-14T11:16:00.000Z,3.00700,0.346000,0.503000
2008-12-14T11:20:00.000Z,3.01400,0.340000,0.530000
2008-12-14T11:24:00.000Z,2.96100,0.199000,0.556000
2008-12-14T11:28:00.000Z,2.82500,0.755000,0.326000
2008-12-14T11:32:00.000Z,2.81400,0.817000,0.468000
2008-12-14T11:36:00.000Z,2.88500,0.587000,0.553000
2008-12-14T11:40:00.000Z,2.54700,-1.12500,0.339000
2008-12-14T11:44:00.000Z,2.40400,-1.71400,0.126000
2008-12-14T11:48:00.000Z,2.00300,-1.87700,0.00500000
2008-12-14T11:52:00.000Z,2.27400,-1.54300,0.719000
2008-12-14T11:56:00.000Z,2.63400,-0.665000,0.894000
2008-12-14T12:00:00.000Z,2.59900,-1.16200,0.568000
2008-12-14T12:04:00.000Z,2.33400,-1.23700,0.460000
2008-12-14T12:08:00.000Z,2.08400,-1.48500,0.365000
2008-12-14T12:12:00.000Z,2.00900,-1.53700,0.500000
2008-12-14T12:16:00.000Z,2.30500,-1.45800,0.239000
2008-12-14T12:20:00.000Z,2.25800,-1.50300,0.0660000
2008-12-14T12:24:00.000Z,2.34300,-1.49000,0.219000
2008-12-14T12:28:00.000Z,2.44100,-1.44400,0.0960000
2008-12-14T12:32:00.000Z,2.45800,-1.43000,-0.139000
2008-12-14T12:36:00.000Z,2.30000,-1.51300,-0.704000
2008-12-14T12:40:00.000Z,2.16600,-1.36900,-0.873000
2008-12-14T12:44:00.000Z,2.27300,-1.28800,-0.814000
2008-12-14T12:48:00.000Z,2.37000,-1.06700,-0.858000
2008-12-14T12:52:00.000Z,2.54400,-0.902000,-0.953000
2008-12-14T12:56:00.000Z,2.40600,-0.969000,-1.03200
2008-12-14T13:00:00.000Z,2.50100,-0.891000,-1.03900
2008-12-14T13:04:00.000Z,2.73200,-0.698000,-1.04000
2008-12-14T13:08:00.000Z,2.57700,-0.474000,-1.21200
2008-12-14T13:12:00.000Z,2.41300,-0.375000,-1.30900
2008-12-14T13:16:00.000Z,2.27400,-0.296000,-1.42700
2008-12-14T13:20:00.000Z,2.39300,-0.435000,-1.45600
2008-12-14T13:24:00.000Z,2.43000,-0.505000,-1.50900
2008-12-14T13:28:00.000Z,2.62500,-0.335000,-1.48800
2008-12-14T13:32:00.000Z,2.62700,-0.0640000,-1.29100
2008-12-14T13:36:00.000Z,2.52700,0.245000,-1.20900
2008-12-14T13:40:00.000Z,2.59600,-0.0330000,-1.29100
2008-12-14T13:44:00.000Z,2.71700,-0.135000,-1.19500
2008-12-14T13:48:00.000Z,2.72900,-0.234000,-1.09900
2008-12-14T13:52:00.000Z,2.50900,-0.234000,-1.44100
2008-12-14T13:56:00.000Z,0.877000,-2.46400,-0.598000
2008-12-14T14:00:00.000Z,-0.565000,-2.88000,-0.0830000
2008-12-14T14:04:00.000Z,-1.19600,-2.85600,0.248000
2008-12-14T14:08:00.000Z,-1.18400,-2.94400,0.137000
2008-12-14T14:12:00.000Z,-1.04700,-3.01100,-0.0290000
2008-12-14T14:16:00.000Z,-0.962000,-2.97200,-0.235000
2008-12-14T14:20:00.000Z,-0.544000,-2.91100,-0.578000
2008-12-14T14:24:00.000Z,-0.509000,-3.06100,-0.00600000
2008-12-14T14:28:00.000Z,-0.682000,-3.07600,-0.0270000
2008-12-14T14:32:00.000Z,-0.530000,-3.09400,-0.243000
2008-12-14T14:36:00.000Z,0.420000,-2.87100,-0.692000
2008-12-14T14:40:00.000Z,0.464000,-2.88400,-0.824000
2008-12-14T14:44:00.000Z,0.890000,-2.33600,-0.553000
2008-12-14T14:48:00.000Z,-1.03200,-2.70900,1.24500
2008-12-14T14:52:00.000Z,-1.27700,-2.82300,0.769000
2008-12-14T14:56:00.000Z,-1.18300,-2.89600,0.924000
2008-12-14T15:00:00.000Z,-1.43500,-2.76600,1.03100
2008-12-14T15:04:00.000Z,-1.48400,-2.84400,0.747000
2008-12-14T15:08:00.000Z,-1.38900,-2.91600,0.634000
2008-12-14T15:12:00.000Z,-0.939000,-3.05300,0.521000
2008-12-14T15:16:00.000Z,-0.829000,-3.08500,0.334000
2008-12-14T15:20:00.000Z,-1.65300,-2.87900,0.117000
2008-12-14T15:24:00.000Z,-1.32700,-2.95500,0.00300000
2008-12-14T15:28:00.000Z,-1.10700,-3.12600,-0.213000
2008-12-14T15:32:00.000Z,-1.14700,-3.13800,-0.469000
2008-12-14T15:36:00.000Z,-1.30600,-3.18800,-0.245000
2008-12-14T15:40:00.000Z,0.832000,-2.78300,-1.12200
2008-12-14T15:44:00.000Z,2.14700,-2.28000,-0.852000
2008-12-14T15:48:00.000Z,2.49300,-2.35600,-0.457000
2008-12-14T15:52:00.000Z,2.65200,-2.34900,-0.0860000
2008-12-14T15:56:00.000Z,2.44400,-2.41200,0.310000
2008-12-14T16:00:00.000Z,1.22200,-3.11300,0.300000
2008-12-14T16:04:00.000Z,1.49000,-2.87700,0.381000
2008-12-14T16:08:00.000Z,1.32500,-3.07600,0.413000
2008-12-14T16:12:00.000Z,1.31600,-3.04000,0.688000
2008-12-14T16:16:00.000Z,1.15300,-3.11800,0.702000
2008-12-14T16:20:00.000Z,0.832000,-3.07400,0.966000
2008-12-14T16:24:00.000Z,0.499000,-3.14100,1.02200
2008-12-14T16:28:00.000Z,0.776000,-3.16700,0.695000
2008-12-14T16:32:00.000Z,1.03300,-3.09500,0.803000
2008-12-14T16:36:00.000Z,0.577000,-3.13700,0.614000
2008-12-14T16:40:00.000Z,1.08100,-3.00700,0.712000
2008-12-14T16:44:00.000Z,1.12800,-2.73000,1.15500
2008-12-14T16:48:00.000Z,1.23900,-2.60900,1.27500
2008-12-14T16:52:00.000Z,1.22000,-2.50100,1.42300
2008-12-14T16:56:00.000Z,1.25600,-2.78400,0.743000
2008-12-14T17:00:00.000Z,1.17900,-2.86800,0.489000
2008-12-14T17:04:00.000Z,1.65800,-2.74300,0.337000
2008-12-14T17:08:00.000Z,2.26500,-2.56100,0.228000
2008-12-14T17:12:00.000Z,2.12800,-2.59300,0.189000
2008-12-14T17:16:00.000Z,1.43200,-2.79600,0.529000
2008-12-14T17:20:00.000Z,1.61200,-2.70700,0.634000
2008-12-14T17:24:00.000Z,1.92000,-2.50100,0.531000
2008-12-14T17:28:00.000Z,2.30300,-2.53500,0.447000
2008-12-14T17:32:00.000Z,1.74100,-2.73700,0.277000
2008-12-14T17:36:00.000Z,1.87300,-2.68100,0.0460000
2008-12-14T17:40:00.000Z,1.33300,-2.87500,0.293000
2008-12-14T17:44:00.000Z,1.29900,-2.89800,0.335000
2008-12-14T17:48:00.000Z,1.47100,-2.80000,0.589000
2008-12-14T17:52:00.000Z,1.21800,-2.93000,0.503000
2008-12-14T17:56:00.000Z,1.04900,-2.96000,0.373000
2008-12-14T18:00:00.000Z,1.55100,-2.66300,0.774000
2008-12-14T18:04:00.000Z,1.14400,-2.79300,0.583000
2008-12-14T18:08:00.000Z,-0.514000,-2.91500,0.193000
2008-12-14T18:12:00.000Z,-0.810000,-2.64900,0.0460000
2008-12-14T18:16:00.000Z,-0.653000,-2.70800,0.193000
2008-12-14T18:20:00.000Z,-0.480000,-2.84600,0.156000
2008-12-14T18:24:00.000Z,-0.335000,-2.90300,0.194000
2008-12-14T18:28:00.000Z,-0.257000,-2.84100,0.374000
2008-12-14T18:32:00.000Z,0.598000,-2.64100,0.755000
2008-12-14T18:36:00.000Z,0.317000,-2.79800,0.605000
2008-12-14T18:40:00.000Z,0.314000,-2.82000,0.438000
2008-12-14T18:44:00.000Z,0.435000,-2.87100,0.253000
2008-12-14T18:48:00.000Z,0.0820000,-3.00500,0.113000
2008-12-14T18:52:00.000Z,-0.306000,-2.94100,-0.194000
2008-12-14T18:56:00.000Z,-0.377000,-2.82500,-0.454000
2008-12-14T19:00:00.000Z,-0.508000,-2.92500,-0.489000
2008-12-14T19:04:00.000Z,-0.733000,-2.86400,-0.462000
2008-12-14T19:08:00.000Z,-1.17700,-2.69600,-0.533000
2008-12-14T19:12:00.000Z,-1.38300,-2.39400,-0.651000
2008-12-14T19:16:00.000Z,-0.853000,-2.68400,-0.449000
2008-12-14T19:20:00.000Z,-0.607000,-2.59700,-0.779000
2008-12-14T19:24:00.000Z,-0.613000,-2.55800,-0.850000
2008-12-14T19:28:00.000Z,-0.370000,-2.53000,-0.850000
2008-12-14T19:32:00.000Z,-0.312000,-2.48300,-0.949000
2008-12-14T19:36:00.000Z,-0.266000,-2.61400,-0.776000
2008-12-14T19:40:00.000Z,-0.862000,-2.45800,-0.278000
2008-12-14T19:44:00.000Z,-1.18400,-2.24300,-0.152000
2008-12-14T19:48:00.000Z,-0.445000,-2.56500,-0.188000
2008-12-14T19:52:00.000Z,-0.751000,-2.41400,-0.429000
2008-12-14T19:56:00.000Z,-0.601000,-2.43700,-0.510000
2008-12-14T20:00:00.000Z,-0.688000,-2.38400,-0.418000
2008-12-14T20:04:00.000Z,-1.01300,-2.26500,-0.380000
2008-12-14T20:08:00.000Z,-0.955000,-2.25400,-0.413000
2008-12-14T20:12:00.000Z,-0.843000,-2.29400,-0.463000
2008-12-14T20:16:00.000Z,-0.848000,-2.31700,-0.509000
2008-12-14T20:20:00.000Z,-0.872000,-2.20100,-0.616000
2008-12-14T20:24:00.000Z,-0.987000,-2.17500,-0.580000
2008-12-14T20:28:00.000Z,-0.882000,-2.10000,-0.410000
2008-12-14T20:32:00.000Z,-1.10700,-2.10000,-0.421000
2008-12-14T20:36:00.000Z,-1.31000,-1.80500,-0.321000
2008-12-14T20:40:00.000Z,-0.777000,-1.93600,-0.206000
2008-12-14T20:44:00.000Z,2.61500,-1.15200,1.06100
2008-12-14T20:48:00.000Z,2.71100,-0.894000,1.13200
2008-12-14T20:52:00.000Z,2.83300,-0.842000,1.07700
2008-12-14T20:56:00.000Z,2.66600,-0.806000,0.943000
2008-12-14T21:00:00.000Z,2.37600,-0.989000,0.708000
2008-12-14T21:04:00.000Z,2.36800,-0.698000,0.876000
2008-12-14T21:08:00.000Z,2.36300,-0.745000,0.889000
2008-12-14T21:12:00.000Z,2.44300,-0.650000,0.861000
2008-12-14T21:16:00.000Z,2.56800,-0.546000,0.897000
2008-12-14T21:20:00.000Z,2.58500,-0.425000,0.882000
2008-12-14T21:24:00.000Z,2.64400,-0.565000,0.816000
2008-12-14T21:28:00.000Z,2.47800,-0.830000,1.00300
2008-12-14T21:32:00.000Z,2.44400,-0.865000,0.941000
2008-12-14T21:36:00.000Z,2.49700,-0.815000,0.827000
2008-12-14T21:40:00.000Z,2.45700,-0.875000,0.854000
2008-12-14T21:44:00.000Z,2.38200,-0.957000,0.791000
2008-12-14T21:48:00.000Z,2.54900,-1.02200,0.938000
2008-12-14T21:52:00.000Z,2.43700,-0.996000,0.847000
2008-12-14T21:56:00.000Z,2.40000,-1.00600,0.826000
2008-12-14T22:00:00.000Z,2.37200,-1.00100,0.758000
2008-12-14T22:04:00.000Z,2.45000,-1.10400,0.724000
2008-12-14T22:08:00.000Z,1.86900,-1.13200,0.660000
2008-12-14T22:12:00.000Z,2.85100,-0.514000,0.544000
2008-12-14T22:16:00.000Z,2.91100,-0.668000,0.528000
2008-12-14T22:20:00.000Z,2.70800,-0.643000,0.491000
2008-12-14T22:24:00.000Z,2.50800,-0.687000,0.483000
2008-12-14T22:28:00.000Z,2.51000,-0.596000,0.353000
2008-12-14T22:32:00.000Z,2.05500,-0.764000,0.330000
2008-12-14T22:36:00.000Z,0.566000,-1.60600,0.0260000
2008-12-14T22:40:00.000Z,0.296000,-1.65400,-0.151000
2008-12-14T22:44:00.000Z,0.271000,-1.60000,-0.280000
2008-12-14T22:48:00.000Z,0.415000,-1.80600,-0.111000
2008-12-14T22:52:00.000Z,0.331000,-2.01300,-0.0390000
2008-12-14T22:56:00.000Z,0.573000,-2.02500,-0.0100000
2008-12-14T23:00:00.000Z,0.702000,-2.02500,0.0370000
2008-12-14T23:04:00.000Z,0.601000,-2.05100,0.0260000
2008-12-14T23:08:00.000Z,0.693000,-2.13800,-0.00600000
2008-12-14T23:12:00.000Z,0.741000,-1.95000,-0.137000
2008-12-14T23:16:00.000Z,0.497000,-1.71400,-0.228000
2008-12-14T23:20:00.000Z,0.740000,-1.50600,-0.0930000
2008-12-14T23:24:00.000Z,0.817000,-1.77300,-0.167000
2008-12-14T23:28:00.000Z,0.673000,-2.16600,-0.0330000
2008-12-14T23:32:00.000Z,0.670000,-2.55700,0.0950000
2008-12-14T23:36:00.000Z,0.715000,-2.67700,0.0210000
2008-12-14T23:40:00.000Z,0.00600000,-2.84600,-0.0210000
2008-12-14T23:44:00.000Z,-0.268000,-2.98600,0.0650000
2008-12-14T23:48:00.000Z,0.616000,-2.64900,0.722000
2008-12-14T23:52:00.000Z,0.957000,-2.78900,0.325000
2008-12-14T23:56:00.000Z,1.10500,-2.54000,0.201000
2008-12-15T00:00:00.000Z,-0.652000,-3.12500,0.450000
2008-12-15T00:04:00.000Z,0.0190000,-3.32300,-0.189000
2008-12-15T00:08:00.000Z,-0.389000,-3.29200,0.337000
2008-12-15T00:12:00.000Z,0.0530000,-3.30000,0.313000
2008-12-15T00:16:00.000Z,0.251000,-3.74000,-0.116000
2008-12-15T00:20:00.000Z,0.583000,-3.18400,-1.29200
2008-12-15T00:24:00.000Z,1.02400,-3.02600,-1.10600
2008-12-15T00:28:00.000Z,1.89800,-2.69600,-0.944000
2008-12-15T00:32:00.000Z,1.86300,-2.69000,-1.28200
2008-12-15T00:36:00.000Z,2.23100,-2.59600,-1.38900
2008-12-15T00:40:00.000Z,2.78700,-1.87500,-1.75100
2008-12-15T00:44:00.000Z,2.75900,-1.21600,-2.00800
2008-12-15T00:48:00.000Z,3.38400,-1.39600,-1.52200
2008-12-15T00:52:00.000Z,3.36100,-1.40200,-1.70000
2008-12-15T00:56:00.000Z,3.35000,-1.37500,-1.60700
2008-12-15T01:00:00.000Z,3.31700,-1.04500,-1.85500
2008-12-15T01:04:00.000Z,3.17800,-0.926000,-1.97000
2008-12-15T01:08:00.000Z,3.09700,-0.793000,-2.10400
2008-12-15T01:12:00.000Z,3.03200,-0.647000,-2.07100
2008-12-15T01:16:00.000Z,2.96800,-0.423000,-1.90000
2008-12-15T01:20:00.000Z,2.85600,-0.678000,-1.98700
2008-12-15T01:24:00.000Z,2.75900,-0.935000,-2.12300
2008-12-15T01:28:00.000Z,2.34400,-1.27000,-2.04300
2008-12-15T01:32:00.000Z,1.24600,-1.75500,-2.12300
2008-12-15T01:36:00.000Z,2.14000,-1.26600,-1.88300
2008-12-15T01:40:00.000Z,2.18000,-1.19700,-1.84000
2008-12-15T01:44:00.000Z,2.30100,-0.509000,-2.31100
2008-12-15T01:48:00.000Z,1.35800,-1.50100,-0.960000
2008-12-15T01:52:00.000Z,0.575000,-2.90300,0.0510000
2008-12-15T01:56:00.000Z,0.922000,-2.94700,0.0520000
2008-12-15T02:00:00.000Z,0.970000,-2.99200,-0.134000
2008-12-15T02:04:00.000Z,1.41500,-2.61300,0.0830000
2008-12-15T02:08:00.000Z,-0.166000,-2.83600,-1.24800
2008-12-15T02:12:00.000Z,0.0320000,-2.87300,-1.20700
2008-12-15T02:16:00.000Z,0.995000,-1.62500,-0.0740000
2008-12-15T02:20:00.000Z,2.96800,-0.0460000,2.39100
2008-12-15T02:24:00.000Z,3.27000,-0.0770000,1.91900
2008-12-15T02:28:00.000Z,3.38600,-0.528000,1.89800
2008-12-15T02:32:00.000Z,3.55800,-0.983000,1.48500
2008-12-15T02:36:00.000Z,3.33000,-1.34400,1.13500
2008-12-15T02:40:00.000Z,1.93300,-2.74200,0.206000
2008-12-15T02:44:00.000Z,1.05500,-2.82400,0.853000
2008-12-15T02:48:00.000Z,0.666000,-3.02600,1.22200
2008-12-15T02:52:00.000Z,1.79300,-3.05000,1.23500
2008-12-15T02:56:00.000Z,2.05600,-3.16000,0.856000
2008-12-15T03:00:00.000Z,2.22900,-2.80300,-0.464000
2008-12-15T03:04:00.000Z,2.10400,-2.88900,-0.643000
2008-12-15T03:08:00.000Z,2.05900,-2.59300,-1.77300
2008-12-15T03:12:00.000Z,1.48500,-3.16500,-0.327000
2008-12-15T03:16:00.000Z,1.31000,-3.37600,-0.163000
2008-12-15T03:20:00.000Z,1.40300,-3.16200,-1.06700
2008-12-15T03:24:00.000Z,0.418000,-2.74900,-2.10100
2008-12-15T03:28:00.000Z,1.22300,-2.70200,-1.98900
2008-12-15T03:32:00.000Z,1.47800,-2.55600,-1.80100
2008-12-15T03:36:00.000Z,1.42100,-2.66900,-1.54100
2008-12-15T03:40:00.000Z,1.56500,-2.36500,-1.59400
2008-12-15T03:44:00.000Z,0.879000,-3.23700,-0.600000
2008-12-15T03:48:00.000Z,2.12500,-2.60000,-1.54300
2008-12-15T03:52:00.000Z,1.61900,-3.09300,-1.36800
2008-12-15T03:56:00.000Z,1.37500,-3.36400,-0.984000
2008-12-15T04:00:00.000Z,1.67400,-3.06300,-1.27300
2008-12-15T04:04:00.000Z,0.758000,-2.47500,-2.62900
2008-12-15T04:08:00.000Z,1.79700,-1.50500,-2.67600
2008-12-15T04:12:00.000Z,1.78000,-0.218000,-2.36100
2008-12-15T04:16:00.000Z,1.12400,1.12500,-1.85400
2008-12-15T04:20:00.000Z,1.04500,-0.726000,-0.804000
2008-12-15T04:24:00.000Z,0.945000,-2.75500,0.357000
2008-12-15T04:28:00.000Z,1.23800,-2.46500,0.277000
2008-12-15T04:32:00.000Z,1.35800,-2.37600,0.201000
2008-12-15T04:36:00.000Z,1.82800,-2.20000,0.375000
2008-12-15T04:40:00.000Z,2.56600,-1.37300,0.349000
2008-12-15T04:44:00.000Z,2.44700,-1.35100,0.311000
2008-12-15T04:48:00.000Z,2.16400,-1.49600,0.461000
2008-12-15T04:52:00.000Z,2.00500,-1.77400,0.318000
2008-12-15T04:56:00.000Z,1.92100,-1.41700,0.444000
2008-12-15T05:00:00.000Z,1.83000,-1.23500,0.153000
2008-12-15T05:04:00.000Z,1.54500,-1.18300,-0.677000
2008-12-15T05:08:00.000Z,1.29900,-0.971000,-0.965000
2008-12-15T05:12:00.000Z,1.84300,0.493000,-1.83100
2008-12-15T05:16:00.000Z,1.84800,0.990000,-1.72800
2008-12-15T05:20:00.000Z,1.91900,1.08100,-1.78500
2008-12-15T05:24:00.000Z,1.66500,1.14900,-2.19900
2008-12-15T05:28:00.000Z,1.44400,0.754000,-2.69400
2008-12-15T05:32:00.000Z,-0.120000,-2.54000,-0.644000
2008-12-15T05:36:00.000Z,-0.906000,-2.99400,0.302000
2008-12-15T05:40:00.000Z,-1.39500,-2.97000,0.974000
2008-12-15T05:44:00.000Z,-1.40900,-3.03800,0.904000
2008-12-15T05:48:00.000Z,-1.40300,-3.42600,1.08300
2008-12-15T05:52:00.000Z,-1.56600,-2.96800,1.46300
2008-12-15T05:56:00.000Z,-1.75600,-2.57300,1.58600
2008-12-15T06:00:00.000Z,-2.00700,-2.38600,1.73500
2008-12-15T06:04:00.000Z,-2.11900,-2.11200,1.87800
2008-12-15T06:08:00.000Z,-0.811000,-1.09800,1.12900
2008-12-15T06:12:00.000Z,2.81900,1.14300,-2.34200
2008-12-15T06:16:00.000Z,2.99200,0.736000,-2.28400
2008-12-15T06:20:00.000Z,3.25800,-0.0860000,-2.09700
2008-12-15T06:24:00.000Z,3.30400,-0.163000,-2.22300
2008-12-15T06:28:00.000Z,2.85800,-0.568000,-2.46000
2008-12-15T06:32:00.000Z,2.38900,-1.44500,-2.75800
2008-12-15T06:36:00.000Z,1.13100,-2.29800,-3.56500
2008-12-15T06:40:00.000Z,1.13700,-2.12600,-3.36200
2008-12-15T06:44:00.000Z,1.33200,-2.05800,-3.27300
2008-12-15T06:48:00.000Z,1.76600,-2.25300,-2.96400
2008-12-15T06:52:00.000Z,2.54900,-2.14600,-2.39600
2008-12-15T06:56:00.000Z,2.88300,-2.21100,-2.02000
2008-12-15T07:00:00.000Z,3.08000,-1.89300,-2.14700
2008-12-15T07:04:00.000Z,2.61300,-1.65100,-2.75500
2008-12-15T07:08:00.000Z,3.77200,-1.92700,-1.53400
2008-12-15T07:12:00.000Z,3.15600,-1.93400,-1.76500
2008-12-15T07:16:00.000Z,3.01000,-1.72200,-1.90200
2008-12-15T07:20:00.000Z,3.31200,-1.33100,-1.99100
2008-12-15T07:24:00.000Z,3.69900,-1.37600,-1.89200
2008-12-15T07:28:00.000Z,3.81400,-1.35800,-1.67700
2008-12-15T07:32:00.000Z,3.49400,-1.18300,-2.12600
2008-12-15T07:36:00.000Z,3.53100,-1.89700,-1.41100
2008-12-15T07:40:00.000Z,3.75800,-2.41500,-0.739000
2008-12-15T07:44:00.000Z,3.35700,-2.63200,-1.00400
2008-12-15T07:48:00.000Z,3.88600,-2.23400,-1.05200
2008-12-15T07:52:00.000Z,3.33700,-2.24900,-1.39100
2008-12-15T07:56:00.000Z,3.58000,-2.39900,-0.755000
2008-12-15T08:00:00.000Z,3.82900,-2.04300,-0.984000
2008-12-15T08:04:00.000Z,3.67700,-1.57900,-1.34600
2008-12-15T08:08:00.000Z,3.35100,-1.56700,-1.25300
2008-12-15T08:12:00.000Z,3.26000,-1.14800,-1.46400
2008-12-15T08:16:00.000Z,3.06700,-1.15500,-1.21000
2008-12-15T08:20:00.000Z,3.50600,-1.45000,-0.507000
2008-12-15T08:24:00.000Z,3.41800,-1.85700,1.03400
2008-12-15T08:28:00.000Z,2.74500,-1.64600,0.0250000
2008-12-15T08:32:00.000Z,2.53500,-1.76300,-1.04100
2008-12-15T08:36:00.000Z,2.80100,-1.53200,-0.692000
2008-12-15T08:40:00.000Z,2.45300,-0.654000,-1.89000
2008-12-15T08:44:00.000Z,2.39900,-1.22600,-2.02000
2008-12-15T08:48:00.000Z,-0.0500000,-2.80400,-0.668000
2008-12-15T08:52:00.000Z,0.0480000,-3.04600,-1.08000
2008-12-15T08:56:00.000Z,0.0610000,-3.24400,-1.25100
2008-12-15T09:00:00.000Z,-0.206000,-3.34500,-0.964000
2008-12-15T09:04:00.000Z,-0.0530000,-3.53200,-0.768000
2008-12-15T09:08:00.000Z,-0.0610000,-3.46400,-0.813000
2008-12-15T09:12:00.000Z,0.211000,-3.48300,-0.947000
2008-12-15T09:16:00.000Z,-0.0630000,-3.50900,-0.969000
2008-12-15T09:20:00.000Z,-0.689000,-3.34800,-0.383000
2008-12-15T09:24:00.000Z,-0.921000,-3.00500,-0.228000
2008-12-15T09:28:00.000Z,-1.07600,-2.98500,-0.0400000
2008-12-15T09:32:00.000Z,-0.984000,-3.20000,0.0970000
2008-12-15T09:36:00.000Z,-1.51900,-3.16800,0.299000
2008-12-15T09:40:00.000Z,-1.54300,-3.10100,0.555000
2008-12-15T09:44:00.000Z,-1.58700,-3.37600,0.382000
2008-12-15T09:48:00.000Z,-1.72400,-3.01900,0.457000
2008-12-15T09:52:00.000Z,-1.47100,-3.10100,0.310000
2008-12-15T09:56:00.000Z,-1.84400,-2.19500,0.487000
2008-12-15T10:00:00.000Z,-2.39300,-0.138000,1.19500
2008-12-15T10:04:00.000Z,-2.17500,-0.269000,1.01200
2008-12-15T10:08:00.000Z,-1.99800,-0.267000,0.919000
2008-12-15T10:12:00.000Z,-1.80400,0.137000,0.834000
2008-12-15T10:16:00.000Z,-1.59000,-0.141000,0.838000
2008-12-15T10:20:00.000Z,-1.50400,-0.516000,0.790000
2008-12-15T10:24:00.000Z,-1.45900,-0.749000,0.618000
2008-12-15T10:28:00.000Z,-1.49300,-0.777000,0.526000
2008-12-15T10:32:00.000Z,-1.34000,-0.927000,0.540000
2008-12-15T10:36:00.000Z,-1.17600,-1.40700,0.508000
2008-12-15T10:40:00.000Z,-1.31600,-1.61900,0.476000
2008-12-15T10:44:00.000Z,-1.09400,-1.33400,0.800000
2008-12-15T10:48:00.000Z,-0.780000,-1.53400,1.08200
2008-12-15T10:52:00.000Z,-0.919000,-1.95800,1.04100
2008-12-15T10:56:00.000Z,-1.08600,-2.27300,0.908000
2008-12-15T11:00:00.000Z,-0.979000,-2.35200,0.754000
2008-12-15T11:04:00.000Z,-1.53600,-2.68700,0.899000
2008-12-15T11:08:00.000Z,-1.33800,-2.36500,0.988000
2008-12-15T11:12:00.000Z,-1.01200,-2.27200,0.785000
2008-12-15T11:16:00.000Z,-0.958000,-2.38100,0.549000
2008-12-15T11:20:00.000Z,-1.13800,-2.33400,0.303000
2008-12-15T11:24:00.000Z,-0.900000,-2.21000,-0.0340000
2008-12-15T11:28:00.000Z,-0.321000,-2.24400,0.272000
2008-12-15T11:32:00.000Z,0.379000,-2.14600,-0.195000
2008-12-15T11:36:00.000Z,0.844000,-1.39800,-0.602000
2008-12-15T11:40:00.000Z,0.551000,1.43900,-0.295000
2008-12-15T11:44:00.000Z,1.00800,2.09200,-0.791000
2008-12-15T11:48:00.000Z,1.06400,1.87900,-1.33100
2008-12-15T11:52:00.000Z,1.05300,1.89800,-1.33100
2008-12-15T11:56:00.000Z,1.23400,1.00900,-1.99500
2008-12-15T12:00:00.000Z,1.24900,1.07100,-1.77200
2008-12-15T12:04:00.000Z,1.01400,1.23400,-0.862000
2008-12-15T12:08:00.000Z,0.303000,0.460000,0.381000
2008-12-15T12:12:00.000Z,0.734000,0.384000,0.0410000
2008-12-15T12:16:00.000Z,0.721000,-0.192000,-0.0720000
2008-12-15T12:20:00.000Z,-0.104000,-0.274000,0.209000
2008-12-15T12:24:00.000Z,0.101000,-0.152000,-0.283000
2008-12-15T12:28:00.000Z,0.901000,-1.88000,0.155000
2008-12-15T12:32:00.000Z,-0.615000,-1.90100,2.17000
2008-12-15T12:36:00.000Z,-1.05200,-1.85700,2.26800
2008-12-15T12:40:00.000Z,-1.23600,-2.04600,2.01100
2008-12-15T12:44:00.000Z,-0.502000,-2.76600,1.85900
2008-12-15T12:48:00.000Z,-0.734000,-2.72300,1.86500
2008-12-15T12:52:00.000Z,-0.827000,-3.03800,1.70800
2008-12-15T12:56:00.000Z,-1.05600,-2.72000,2.04700
2008-12-15T13:00:00.000Z,-1.08300,-2.98900,1.65300
2008-12-15T13:04:00.000Z,-1.05700,-3.31900,0.481000
2008-12-15T13:08:00.000Z,-1.24700,-3.33900,0.185000
2008-12-15T13:12:00.000Z,-1.19600,-3.28500,-0.279000
2008-12-15T13:16:00.000Z,-1.12700,-3.22000,0.0700000
2008-12-15T13:20:00.000Z,-1.10600,-3.14400,0.0920000
2008-12-15T13:24:00.000Z,-0.899000,-3.19200,-0.204000
2008-12-15T13:28:00.000Z,-0.721000,-3.40000,0.122000
2008-12-15T13:32:00.000Z,-0.336000,-3.40700,-0.349000
2008-12-15T13:36:00.000Z,-0.615000,-3.60900,0.202000
2008-12-15T13:40:00.000Z,-0.323000,-3.43700,-0.107000
2008-12-15T13:44:00.000Z,-0.147000,-3.40100,-0.132000
2008-12-15T13:48:00.000Z,-0.830000,-3.06100,-0.625000
2008-12-15T13:52:00.000Z,-0.932000,-3.10500,-0.788000
2008-12-15T13:56:00.000Z,-0.533000,-3.33800,-0.517000
2008-12-15T14:00:00.000Z,-0.767000,-3.52600,-0.587000
2008-12-15T14:04:00.000Z,-0.407000,-3.15200,-0.573000
2008-12-15T14:08:00.000Z,-0.228000,-3.07100,-0.506000
2008-12-15T14:12:00.000Z,0.304000,-3.27900,-0.484000
2008-12-15T14:16:00.000Z,0.600000,-3.14400,-0.611000
2008-12-15T14:20:00.000Z,0.483000,-3.17200,-0.823000
2008-12-15T14:24:00.000Z,0.107000,-3.55100,-0.410000
2008-12-15T14:28:00.000Z,0.105000,-3.61300,0.0410000
2008-12-15T14:32:00.000Z,0.0220000,-3.39200,0.498000
2008-12-15T14:36:00.000Z,0.400000,-3.16700,0.680000
2008-12-15T14:40:00.000Z,-0.287000,-2.11900,2.27000
2008-12-15T14:44:00.000Z,0.0720000,-2.19800,1.18300
2008-12-15T14:48:00.000Z,0.209000,-1.61000,0.677000
2008-12-15T14:52:00.000Z,0.592000,-1.28400,-0.0660000
2008-12-15T14:56:00.000Z,0.483000,-1.30400,-0.460000
2008-12-15T15:00:00.000Z,0.520000,-1.31300,-0.337000
2008-12-15T15:04:00.000Z,0.600000,-1.27000,-0.801000
2008-12-15T15:08:00.000Z,0.632000,-1.25400,-0.829000
2008-12-15T15:12:00.000Z,0.668000,-1.39300,-0.809000
2008-12-15T15:16:00.000Z,0.791000,-1.31800,-0.860000
2008-12-15T15:20:00.000Z,0.648000,-1.25900,-1.11100
2008-12-15T15:24:00.000Z,0.260000,-1.65400,-1.19500
2008-12-15T15:28:00.000Z,-0.0490000,-2.02700,-1.13200
2008-12-15T15:32:00.000Z,-0.109000,-2.21200,-1.19100
2008-12-15T15:36:00.000Z,-0.0300000,-2.14100,-1.36500
2008-12-15T15:40:00.000Z,0.162000,-1.87000,-1.19500
2008-12-15T15:44:00.000Z,0.261000,-2.93600,-1.05400
2008-12-15T15:48:00.000Z,0.357000,-3.02200,-1.08200
2008-12-15T15:52:00.000Z,0.417000,-3.14200,-0.993000
2008-12-15T15:56:00.000Z,0.422000,-3.17700,-1.10500
2008-12-15T16:00:00.000Z,0.470000,-2.92600,-1.07300
2008-12-15T16:04:00.000Z,0.102000,-0.665000,-1.27000
2008-12-15T16:08:00.000Z,0.149000,0.559000,-1.46200
2008-12-15T16:12:00.000Z,0.550000,-1.21600,-1.13600
2008-12-15T16:16:00.000Z,0.878000,-2.29700,-0.816000
2008-12-15T16:20:00.000Z,1.30000,-1.68200,-1.33500
2008-12-15T16:24:00.000Z,1.20300,-1.89200,-1.12500
2008-12-15T16:28:00.000Z,0.991000,-1.37700,-1.60200
2008-12-15T16:32:00.000Z,1.08000,-0.546000,-1.85200
2008-12-15T16:36:00.000Z,1.50100,-1.96600,-1.15700
2008-12-15T16:40:00.000Z,1.12100,-0.431000,-1.60100
2008-12-15T16:44:00.000Z,0.414000,0.589000,-1.05500
2008-12-15T16:48:00.000Z,0.146000,0.753000,-0.255000
2008-12-15T16:52:00.000Z,1.16000,-1.48100,-0.0800000
2008-12-15T16:56:00.000Z,1.84100,-1.97600,-0.422000
2008-12-15T17:00:00.000Z,1.05800,-0.0230000,-0.348000
2008-12-15T17:04:00.000Z,0.434000,-0.960000,0.0150000
2008-12-15T17:08:00.000Z,0.543000,-2.19700,-0.508000
2008-12-15T17:12:00.000Z,0.441000,-2.89300,-1.09300
2008-12-15T17:16:00.000Z,0.116000,-3.17000,-0.0650000
2008-12-15T17:20:00.000Z,0.122000,-3.42800,0.325000
2008-12-15T17:24:00.000Z,-0.0980000,-3.44200,0.344000
2008-12-15T17:28:00.000Z,-0.127000,-3.44700,-0.394000
2008-12-15T17:32:00.000Z,-0.370000,-3.48900,-0.177000
2008-12-15T17:36:00.000Z,-0.543000,-3.41500,0.525000
2008-12-15T17:40:00.000Z,0.604000,-3.29800,-0.404000
2008-12-15T17:44:00.000Z,0.578000,-3.17100,-0.633000
2008-12-15T17:48:00.000Z,0.680000,-3.10100,0.133000
2008-12-15T17:52:00.000Z,0.384000,-3.31400,0.410000
2008-12-15T17:56:00.000Z,-0.252000,-3.24400,0.749000
2008-12-15T18:00:00.000Z,1.03500,-2.74000,0.482000
2008-12-15T18:04:00.000Z,1.48600,-2.86700,-0.0370000
2008-12-15T18:08:00.000Z,1.21500,-3.26700,-0.0940000
2008-12-15T18:12:00.000Z,0.931000,-3.26500,-0.115000
2008-12-15T18:16:00.000Z,0.823000,-3.26200,0.167000
2008-12-15T18:20:00.000Z,0.911000,-3.22100,0.305000
2008-12-15T18:24:00.000Z,1.04400,-3.18200,0.122000
2008-12-15T18:28:00.000Z,0.817000,-2.35700,1.07900
2008-12-15T18:32:00.000Z,1.36300,-1.70600,0.358000
2008-12-15T18:36:00.000Z,1.29600,-1.82700,0.630000
2008-12-15T18:40:00.000Z,1.42900,-1.79400,0.666000
2008-12-15T18:44:00.000Z,1.80600,-1.49700,0.539000
2008-12-15T18:48:00.000Z,1.74800,-1.78300,0.538000
2008-12-15T18:52:00.000Z,1.83000,-2.05800,0.558000
2008-12-15T18:56:00.000Z,2.02900,-2.14400,0.187000
2008-12-15T19:00:00.000Z,1.96300,-1.76600,0.327000
2008-12-15T19:04:00.000Z,2.06500,-1.49300,-0.328000
2008-12-15T19:08:00.000Z,1.46400,-1.41900,-0.417000
2008-12-15T19:12:00.000Z,1.11700,-1.43200,-0.00300000
2008-12-15T19:16:00.000Z,1.09500,-1.31800,-0.536000
2008-12-15T19:20:00.000Z,1.18200,-1.39700,-0.573000
2008-12-15T19:24:00.000Z,1.06900,-1.49100,-0.515000
2008-12-15T19:28:00.000Z,1.51800,-1.67700,-0.404000
2008-12-15T19:32:00.000Z,0.979000,-1.45400,-0.634000
2008-12-15T19:36:00.000Z,0.353000,-1.25800,-1.08800
2008-12-15T19:40:00.000Z,-0.0620000,-1.27900,-1.51400
2008-12-15T19:44:00.000Z,0.199000,-1.40100,-1.14000
2008-12-15T19:48:00.000Z,0.378000,-1.57400,-0.672000
2008-12-15T19:52:00.000Z,0.171000,-1.42300,-0.869000
2008-12-15T19:56:00.000Z,0.280000,-1.35400,-0.676000
2008-12-15T20:00:00.000Z,0.474000,-1.58100,-0.435000
2008-12-15T20:04:00.000Z,0.533000,-2.15200,-0.602000
2008-12-15T20:08:00.000Z,0.504000,-3.24100,-1.40200
2008-12-15T20:12:00.000Z,0.610000,-3.24600,-1.43700
2008-12-15T20:16:00.000Z,0.747000,-3.16900,-1.40500
2008-12-15T20:20:00.000Z,0.737000,-3.28300,-1.23200
2008-12-15T20:24:00.000Z,0.268000,-3.69100,-0.00500000
2008-12-15T20:28:00.000Z,0.0820000,-3.77000,0.421000
2008-12-15T20:32:00.000Z,0.118000,-3.66200,0.419000
2008-12-15T20:36:00.000Z,0.00700000,-3.57500,0.206000
2008-12-15T20:40:00.000Z,-0.172000,-3.35900,0.118000
2008-12-15T20:44:00.000Z,0.848000,-2.51500,-1.70100
2008-12-15T20:48:00.000Z,0.383000,-2.93000,-1.03000
2008-12-15T20:52:00.000Z,-0.356000,-3.21300,-0.622000
2008-12-15T20:56:00.000Z,-0.186000,-3.16300,-0.776000
2008-12-15T21:00:00.000Z,0.178000,-3.25700,-0.556000
2008-12-15T21:04:00.000Z,0.141000,-3.36500,-0.296000
2008-12-15T21:08:00.000Z,0.132000,-3.23100,-0.381000
2008-12-15T21:12:00.000Z,-0.172000,-3.13400,-0.940000
2008-12-15T21:16:00.000Z,0.711000,-3.30000,0.219000
2008-12-15T21:20:00.000Z,0.752000,-3.45700,0.281000
2008-12-15T21:24:00.000Z,0.775000,-3.49800,-0.463000
2008-12-15T21:28:00.000Z,0.639000,-3.48600,-0.684000
2008-12-15T21:32:00.000Z,0.116000,-3.37000,0.904000
2008-12-15T21:36:00.000Z,0.0370000,-3.29300,2.41700
2008-12-15T21:40:00.000Z,0.0660000,-3.18600,2.29500
2008-12-15T21:44:00.000Z,0.365000,-2.76100,2.25100
2008-12-15T21:48:00.000Z,0.623000,-2.61600,1.99300
2008-12-15T21:52:00.000Z,1.58900,-1.72400,2.60100
2008-12-15T21:56:00.000Z,1.07900,-2.35400,2.20400
2008-12-15T22:00:00.000Z,1.38600,-0.699000,2.92500
2008-12-15T22:04:00.000Z,1.38600,-1.20300,3.04100
2008-12-15T22:08:00.000Z,1.33700,-2.36700,2.67000
2008-12-15T22:12:00.000Z,1.70600,-2.30700,2.64300
2008-12-15T22:16:00.000Z,1.61700,-2.31500,2.44000
2008-12-15T22:20:00.000Z,1.53000,-2.73800,2.07100
2008-12-15T22:24:00.000Z,1.92500,-2.47500,2.13000
2008-12-15T22:28:00.000Z,2.09300,-2.95700,1.60800
2008-12-15T22:32:00.000Z,2.08700,-2.94200,1.48500
2008-12-15T22:36:00.000Z,1.86600,-2.93400,1.95600
2008-12-15T22:40:00.000Z,1.72700,-3.01400,-0.0720000
2008-12-15T22:44:00.000Z,0.484000,-3.38900,-1.46900
2008-12-15T22:48:00.000Z,0.495000,-3.48400,-0.868000
2008-12-15T22:52:00.000Z,-0.111000,-3.00000,-2.23400
2008-12-15T22:56:00.000Z,0.599000,-3.61900,-0.672000
2008-12-15T23:00:00.000Z,-0.536000,-2.92200,-1.11500
2008-12-15T23:04:00.000Z,2.56300,-1.65000,2.59300
2008-12-15T23:08:00.000Z,2.52800,-3.01600,0.959000
2008-12-15T23:12:00.000Z,2.10200,-3.62500,0.300000
2008-12-15T23:16:00.000Z,1.98300,-3.82100,0.146000
2008-12-15T23:20:00.000Z,0.727000,-3.71500,0.589000
2008-12-15T23:24:00.000Z,1.04000,-3.58900,0.206000
2008-12-15T23:28:00.000Z,0.137000,-3.71400,0.606000
2008-12-15T23:32:00.000Z,-0.768000,-4.11500,0.485000
2008-12-15T23:36:00.000Z,-1.35500,-3.61700,0.916000
2008-12-15T23:40:00.000Z,-1.16100,-3.87000,0.564000
2008-12-15T23:44:00.000Z,-1.20300,-3.90900,0.235000
2008-12-15T23:48:00.000Z,-0.777000,-3.88600,0.278000
2008-12-15T23:52:00.000Z,-0.689000,-3.81500,0.189000
2008-12-15T23:56:00.000Z,-0.837000,-3.36700,1.57400
2008-12-16T00:00:00.000Z,-0.985000,-3.43300,1.17300
2008-12-16T00:04:00.000Z,-0.720000,-3.50300,0.0120000
2008-12-16T00:08:00.000Z,0.163000,-2.70300,-2.07100
2008-12-16T00:12:00.000Z,0.177000,-3.17200,-0.497000
2008-12-16T00:16:00.000Z,-0.519000,-3.11900,0.0520000
2008-12-16T00:20:00.000Z,-0.849000,-2.82100,-1.84200
2008-12-16T00:24:00.000Z,-0.942000,-0.250000,0.767000
2008-12-16T00:28:00.000Z,-0.939000,-1.17700,-0.255000
2008-12-16T00:32:00.000Z,-0.785000,-1.36800,0.275000
2008-12-16T00:36:00.000Z,-1.70600,-2.87300,0.840000
2008-12-16T00:40:00.000Z,-1.90200,-2.74500,1.36600
2008-12-16T00:44:00.000Z,-1.93200,-2.89400,1.06000
2008-12-16T00:48:00.000Z,-1.80100,-2.99000,0.935000
2008-12-16T00:52:00.000Z,-1.26900,-3.21600,0.0850000
2008-12-16T00:56:00.000Z,-1.06700,-3.14200,0.00100000
2008-12-16T01:00:00.000Z,-1.20700,-3.22300,0.106000
2008-12-16T01:04:00.000Z,-0.813000,-3.38400,-0.866000
2008-12-16T01:08:00.000Z,-0.782000,-3.33300,-0.872000
2008-12-16T01:12:00.000Z,-0.958000,-3.40100,-0.478000
2008-12-16T01:16:00.000Z,-0.989000,-3.46600,-0.141000
2008-12-16T01:20:00.000Z,-0.812000,-3.50300,-0.453000
2008-12-16T01:24:00.000Z,-0.862000,-3.38700,-0.552000
2008-12-16T01:28:00.000Z,-0.984000,-3.58000,-0.545000
2008-12-16T01:32:00.000Z,-0.797000,-3.53800,-0.378000
2008-12-16T01:36:00.000Z,-0.919000,-3.38100,-0.404000
2008-12-16T01:40:00.000Z,-0.807000,-3.37000,-0.408000
2008-12-16T01:44:00.000Z,-1.01100,-3.40800,-0.352000
2008-12-16T01:48:00.000Z,-1.51000,-3.09500,-0.327000
2008-12-16T01:52:00.000Z,-1.56400,-3.24600,-0.205000
2008-12-16T01:56:00.000Z,-1.62700,-3.18000,-0.385000
2008-12-16T02:00:00.000Z,-1.74400,-3.24900,-0.715000
2008-12-16T02:04:00.000Z,-1.66900,-3.01800,-1.02500
2008-12-16T02:08:00.000Z,-0.379000,-0.869000,-1.81400
2008-12-16T02:12:00.000Z,-0.933000,-1.18200,-1.26100
2008-12-16T02:16:00.000Z,0.167000,1.75200,-2.17000
2008-12-16T02:20:00.000Z,0.170000,1.70600,-2.49100
2008-12-16T02:24:00.000Z,-0.133000,1.29100,-2.70100
2008-12-16T02:28:00.000Z,-0.166000,1.47500,-2.65100
2008-12-16T02:32:00.000Z,-0.0720000,1.51800,-2.62000
2008-12-16T02:36:00.000Z,-0.0980000,1.08300,-2.67700
2008-12-16T02:40:00.000Z,-0.212000,0.528000,-2.60600
2008-12-16T02:44:00.000Z,-0.495000,0.412000,-2.92600
2008-12-16T02:48:00.000Z,0.0810000,0.824000,-2.58900
2008-12-16T02:52:00.000Z,0.253000,0.746000,-2.30400
2008-12-16T02:56:00.000Z,0.180000,0.635000,-2.35700
2008-12-16T03:00:00.000Z,0.264000,0.670000,-2.39900
2008-12-16T03:04:00.000Z,0.148000,0.318000,-2.50300
2008-12-16T03:08:00.000Z,0.123000,-0.0710000,-2.21200
2008-12-16T03:12:00.000Z,0.233000,0.00100000,-2.04800
2008-12-16T03:16:00.000Z,0.372000,0.203000,-2.11200
2008-12-16T03:20:00.000Z,0.829000,0.550000,-1.92300
2008-12-16T03:24:00.000Z,0.785000,0.389000,-1.90800
2008-12-16T03:28:00.000Z,0.701000,0.328000,-2.00800
2008-12-16T03:32:00.000Z,0.554000,0.342000,-2.05800
2008-12-16T03:36:00.000Z,0.236000,0.283000,-2.06200
2008-12-16T03:40:00.000Z,0.480000,0.376000,-2.09700
2008-12-16T03:44:00.000Z,0.606000,0.656000,-1.60200
2008-12-16T03:48:00.000Z,0.965000,1.13600,-0.588000
2008-12-16T03:52:00.000Z,0.966000,1.08500,0.163000
2008-12-16T03:56:00.000Z,0.771000,0.793000,1.05300
2008-12-16T04:00:00.000Z,0.821000,1.02700,0.457000
2008-12-16T04:04:00.000Z,0.446000,0.980000,-0.883000
2008-12-16T04:08:00.000Z,0.565000,1.03700,-0.367000
2008-12-16T04:12:00.000Z,0.591000,1.03300,-0.553000
2008-12-16T04:16:00.000Z,0.380000,-0.638000,-0.354000
2008-12-16T04:20:00.000Z,0.283000,0.163000,-0.736000
2008-12-16T04:24:00.000Z,0.178000,0.335000,-0.576000
2008-12-16T04:28:00.000Z,0.223000,0.102000,-0.688000
2008-12-16T04:32:00.000Z,-0.231000,0.223000,-0.884000
2008-12-16T04:36:00.000Z,-0.566000,0.432000,-0.777000
2008-12-16T04:40:00.000Z,-0.736000,0.608000,-0.852000
2008-12-16T04:44:00.000Z,-0.991000,0.544000,-0.418000
2008-12-16T04:48:00.000Z,-0.522000,-0.315000,-0.741000
2008-12-16T04:52:00.000Z,0.0740000,-0.847000,-0.800000
2008-12-16T04:56:00.000Z,0.653000,-0.838000,-0.293000
2008-12-16T05:00:00.000Z,0.398000,-0.711000,-0.256000
2008-12-16T05:04:00.000Z,-0.206000,0.604000,-0.780000
2008-12-16T05:08:00.000Z,-0.755000,0.752000,-0.540000
2008-12-16T05:12:00.000Z,-0.678000,0.633000,-0.177000
2008-12-16T05:16:00.000Z,-0.867000,0.692000,0.156000
2008-12-16T05:20:00.000Z,0.117000,-0.743000,-0.355000
2008-12-16T05:24:00.000Z,-0.162000,-0.728000,-0.739000
2008-12-16T05:28:00.000Z,0.214000,-0.936000,-0.523000
2008-12-16T05:32:00.000Z,0.341000,-0.791000,-0.517000
2008-12-16T05:36:00.000Z,0.466000,-0.782000,-0.578000
2008-12-16T05:40:00.000Z,0.572000,-0.792000,-0.639000
2008-12-16T05:44:00.000Z,0.392000,-0.781000,-0.648000
2008-12-16T05:48:00.000Z,0.132000,-0.729000,-0.867000
2008-12-16T05:52:00.000Z,0.154000,-0.713000,-0.920000
2008-12-16T05:56:00.000Z,0.198000,-0.650000,-1.10400
2008-12-16T06:00:00.000Z,0.202000,-0.466000,-1.21200
2008-12-16T06:04:00.000Z,0.0930000,-0.729000,-1.15700
2008-12-16T06:08:00.000Z,0.394000,-0.400000,-1.15900
2008-12-16T06:12:00.000Z,0.145000,-0.543000,-0.738000
2008-12-16T06:16:00.000Z,0.249000,-0.166000,-0.836000
2008-12-16T06:20:00.000Z,0.166000,-0.251000,-1.88600
2008-12-16T06:24:00.000Z,0.291000,-0.0790000,-1.59200
2008-12-16T06:28:00.000Z,0.204000,0.166000,-1.15000
2008-12-16T06:32:00.000Z,0.382000,0.671000,-1.05300
2008-12-16T06:36:00.000Z,0.320000,0.527000,-1.50500
2008-12-16T06:40:00.000Z,0.501000,0.716000,-1.62300
2008-12-16T06:44:00.000Z,0.567000,0.751000,-1.56700
2008-12-16T06:48:00.000Z,0.761000,1.11200,-1.41700
2008-12-16T06:52:00.000Z,0.904000,0.615000,-1.13500
2008-12-16T06:56:00.000Z,0.372000,-1.22300,-0.392000
2008-12-16T07:00:00.000Z,0.358000,-1.42700,-0.741000
2008-12-16T07:04:00.000Z,0.484000,-0.126000,-0.903000
2008-12-16T07:08:00.000Z,0.318000,2.43900,-0.130000
2008-12-16T07:12:00.000Z,0.544000,2.15200,-0.218000
2008-12-16T07:16:00.000Z,0.757000,1.03300,-0.592000
2008-12-16T07:20:00.000Z,0.628000,1.03900,-0.320000
2008-12-16T07:24:00.000Z,0.450000,-0.793000,-0.436000
2008-12-16T07:28:00.000Z,0.656000,-0.747000,-1.09600
2008-12-16T07:32:00.000Z,0.711000,-0.523000,-0.937000
2008-12-16T07:36:00.000Z,0.611000,-0.763000,-0.805000
2008-12-16T07:40:00.000Z,1.61500,0.294000,-0.784000
2008-12-16T07:44:00.000Z,1.08500,0.0600000,-0.405000
2008-12-16T07:48:00.000Z,-0.197000,-1.29800,-0.446000
2008-12-16T07:52:00.000Z,-0.478000,-1.55500,-0.421000
2008-12-16T07:56:00.000Z,-0.430000,-1.25600,-0.872000
2008-12-16T08:00:00.000Z,-0.264000,-0.609000,-1.12600
2008-12-16T08:04:00.000Z,-0.462000,-0.323000,-0.848000
2008-12-16T08:08:00.000Z,-0.654000,-0.669000,-0.789000
2008-12-16T08:12:00.000Z,-0.782000,-0.838000,-0.719000
2008-12-16T08:16:00.000Z,-0.725000,-0.297000,-0.773000
2008-12-16T08:20:00.000Z,-0.685000,-0.406000,-0.734000
2008-12-16T08:24:00.000Z,-1.10900,-0.451000,-0.757000
2008-12-16T08:28:00.000Z,-0.887000,-0.0380000,-0.854000
2008-12-16T08:32:00.000Z,-0.741000,-0.00900000,-0.809000
2008-12-16T08:36:00.000Z,-0.487000,0.0820000,-0.596000
2008-12-16T08:40:00.000Z,0.330000,0.655000,-0.759000
2008-12-16T08:44:00.000Z,-0.257000,0.290000,-0.505000
2008-12-16T08:48:00.000Z,0.110000,0.521000,-0.532000
2008-12-16T08:52:00.000Z,0.0680000,0.440000,-0.543000
2008-12-16T08:56:00.000Z,-0.0430000,0.112000,-0.542000
2008-12-16T09:00:00.000Z,0.183000,0.215000,-0.325000
2008-12-16T09:04:00.000Z,-0.390000,0.380000,-0.235000
2008-12-16T09:08:00.000Z,-0.0230000,0.797000,-0.766000
2008-12-16T09:12:00.000Z,0.269000,1.12600,-0.788000
2008-12-16T09:16:00.000Z,0.283000,0.852000,-0.863000
2008-12-16T09:20:00.000Z,0.284000,0.908000,-1.04300
2008-12-16T09:24:00.000Z,-0.214000,0.666000,-0.960000
2008-12-16T09:28:00.000Z,0.262000,0.961000,-1.69900
2008-12-16T09:32:00.000Z,0.311000,0.860000,-1.96300
2008-12-16T09:36:00.000Z,0.533000,1.18100,-2.08900
2008-12-16T09:40:00.000Z,0.337000,0.972000,-2.04100
2008-12-16T09:44:00.000Z,-0.603000,0.453000,-2.14800
2008-12-16T09:48:00.000Z,-0.112000,0.628000,-2.09900
2008-12-16T09:52:00.000Z,-0.124000,0.631000,-2.12700
2008-12-16T09:56:00.000Z,-0.473000,0.817000,-2.21200
2008-12-16T10:00:00.000Z,-0.129000,1.24300,-2.43600
2008-12-16T10:04:00.000Z,-0.506000,0.179000,-0.674000
2008-12-16T10:08:00.000Z,-1.96600,-1.89100,2.16600
2008-12-16T10:12:00.000Z,-2.65000,-2.73500,2.46700
2008-12-16T10:16:00.000Z,-3.62500,-3.31700,1.32100
2008-12-16T10:20:00.000Z,-4.08300,-3.70200,0.690000
2008-12-16T10:24:00.000Z,-3.98600,-3.54500,0.0100000
2008-12-16T10:28:00.000Z,-4.02500,-3.40700,-0.454000
2008-12-16T10:32:00.000Z,-3.44000,-3.70300,-0.440000
2008-12-16T10:36:00.000Z,-3.19900,-3.70000,-0.0930000
2008-12-16T10:40:00.000Z,-3.25900,-3.67800,-1.75700
2008-12-16T10:44:00.000Z,-2.52700,-4.37200,-2.39300
2008-12-16T10:48:00.000Z,-1.61700,-3.10800,-3.64700
2008-12-16T10:52:00.000Z,-0.651000,-1.93900,-3.97000
2008-12-16T10:56:00.000Z,-2.29500,-3.44600,-0.239000
2008-12-16T11:00:00.000Z,-3.49000,-5.19900,4.83300
2008-12-16T11:04:00.000Z,-3.94000,-5.59700,4.39100
2008-12-16T11:08:00.000Z,-4.00700,-6.81100,2.21800
2008-12-16T11:12:00.000Z,-3.52000,-6.76500,3.34900
2008-12-16T11:16:00.000Z,-4.37100,-5.64100,3.71400
2008-12-16T11:20:00.000Z,-4.36700,-4.69100,4.33200
2008-12-16T11:24:00.000Z,-4.68100,-5.78200,2.57200
2008-12-16T11:28:00.000Z,-5.07400,-5.68800,2.14100
2008-12-16T11:32:00.000Z,-4.88500,-6.27500,0.954000
2008-12-16T11:36:00.000Z,-4.85500,-6.38400,0.624000
2008-12-16T11:40:00.000Z,-6.26700,-4.84400,-0.173000
2008-12-16T11:44:00.000Z,-6.57000,-4.32500,-1.39200
2008-12-16T11:48:00.000Z,-4.11200,-6.37100,-0.672000
2008-12-16T11:52:00.000Z,-4.19000,-6.24300,-1.76900
2008-12-16T11:56:00.000Z,-4.41700,-5.86500,-2.39100
2008-12-16T12:00:00.000Z,-4.07100,-5.74700,-2.83100
2008-12-16T12:04:00.000Z,-4.16200,-5.91200,-1.51400
2008-12-16T12:08:00.000Z,-4.12800,-5.66700,-1.36500
2008-12-16T12:12:00.000Z,-4.41500,-5.18500,-1.62500
2008-12-16T12:16:00.000Z,-4.65800,-4.74600,-2.06500
2008-12-16T12:20:00.000Z,-4.69800,-4.87900,-1.49000
2008-12-16T12:24:00.000Z,-5.09400,-4.06700,-2.68700
2008-12-16T12:28:00.000Z,-4.28900,-4.70100,-2.25400
2008-12-16T12:32:00.000Z,-4.31000,-3.93900,-2.69500
2008-12-16T12:36:00.000Z,-4.34100,-4.01600,-2.21900
2008-12-16T12:40:00.000Z,-4.32600,-4.01400,-2.12300
2008-12-16T12:44:00.000Z,-4.40500,-3.40900,-2.85300
2008-12-16T12:48:00.000Z,-4.41700,-2.91400,-3.19900
2008-12-16T12:52:00.000Z,-4.24200,-1.95400,-3.53100
2008-12-16T12:56:00.000Z,-4.21900,-1.36200,-3.93500
2008-12-16T13:00:00.000Z,-3.98800,-0.390000,-3.82600
2008-12-16T13:04:00.000Z,-3.90400,-0.489000,-3.58100
2008-12-16T13:08:00.000Z,-3.69700,-0.801000,-3.36600
2008-12-16T13:12:00.000Z,-3.33200,-2.33000,-3.33800
2008-12-16T13:16:00.000Z,-3.10200,-1.82200,-3.40500
2008-12-16T13:20:00.000Z,-3.03900,-1.70400,-3.02500
2008-12-16T13:24:00.000Z,-3.31700,-1.43300,-2.75500
2008-12-16T13:28:00.000Z,-3.38600,-1.18700,-2.36900
2008-12-16T13:32:00.000Z,-2.43500,-2.59600,-2.05200
2008-12-16T13:36:00.000Z,-2.71300,-2.97200,-1.43100
2008-12-16T13:40:00.000Z,-2.81200,-3.31000,-0.841000
2008-12-16T13:44:00.000Z,-2.33500,-3.70200,-1.14700
2008-12-16T13:48:00.000Z,-1.86600,-3.45300,-1.29700
2008-12-16T13:52:00.000Z,-1.75800,-1.24900,-3.06500
2008-12-16T13:56:00.000Z,-1.75000,-1.84900,-2.59600
2008-12-16T14:00:00.000Z,-1.14300,-2.54800,-2.04400
2008-12-16T14:04:00.000Z,-2.01300,-3.85200,-2.30000
2008-12-16T14:08:00.000Z,-2.04100,-4.86100,-1.94300
2008-12-16T14:12:00.000Z,-2.23200,-5.09800,-2.02800
2008-12-16T14:16:00.000Z,-2.80400,-3.63100,-2.68200
2008-12-16T14:20:00.000Z,-3.12000,-3.51500,-2.34800
2008-12-16T14:24:00.000Z,-2.65800,-4.09700,-2.05000
2008-12-16T14:28:00.000Z,-2.88700,-3.66400,-2.13500
2008-12-16T14:32:00.000Z,-2.94800,-3.34600,-2.84900
2008-12-16T14:36:00.000Z,-2.24700,-2.82700,-2.57300
2008-12-16T14:40:00.000Z,-1.71200,-2.48400,-3.57300
2008-12-16T14:44:00.000Z,-2.45600,-1.87600,-3.57600
2008-12-16T14:48:00.000Z,-2.20400,-1.89400,-3.83200
2008-12-16T14:52:00.000Z,-2.47900,-1.30200,-3.89400
2008-12-16T14:56:00.000Z,-1.67300,-0.609000,-3.97200
2008-12-16T15:00:00.000Z,-1.61100,-1.78500,-3.57700
2008-12-16T15:04:00.000Z,-2.69900,-1.51600,-3.60300
2008-12-16T15:08:00.000Z,-1.84700,-1.11600,-3.81300
2008-12-16T15:12:00.000Z,-1.50200,-0.866000,-3.77800
2008-12-16T15:16:00.000Z,-1.55100,-0.645000,-3.46200
2008-12-16T15:20:00.000Z,-1.66900,-0.519000,-3.75300
2008-12-16T15:24:00.000Z,-1.43000,-0.233000,-3.47800
2008-12-16T15:28:00.000Z,-1.25500,-3.12700,0.0220000
2008-12-16T15:32:00.000Z,-1.83100,-3.13600,-1.27800
2008-12-16T15:36:00.000Z,-2.23800,-2.92300,-1.10400
2008-12-16T15:40:00.000Z,-2.73000,-2.23600,-1.69700
2008-12-16T15:44:00.000Z,-2.80100,-1.74600,-2.04600
2008-12-16T15:48:00.000Z,-3.41100,-0.546000,-1.10100
2008-12-16T15:52:00.000Z,-3.46900,-0.540000,-0.362000
2008-12-16T15:56:00.000Z,-3.07800,-1.08500,-1.18700
2008-12-16T16:00:00.000Z,0.800000,-2.27900,-0.0600000
2008-12-16T16:04:00.000Z,1.12900,-1.77600,0.0470000
2008-12-16T16:08:00.000Z,0.840000,-2.17700,-0.525000
2008-12-16T16:12:00.000Z,0.226000,-2.27200,-0.967000
2008-12-16T16:16:00.000Z,-0.0380000,-2.27900,-1.15200
2008-12-16T16:20:00.000Z,-0.818000,-1.68100,-1.40800
2008-12-16T16:24:00.000Z,-1.31700,-2.45800,-1.56500
2008-12-16T16:28:00.000Z,-1.53400,-1.70000,-2.13600
2008-12-16T16:32:00.000Z,-1.45600,-1.46100,-1.95500
2008-12-16T16:36:00.000Z,-1.56800,-1.60300,-2.09700
2008-12-16T16:40:00.000Z,-1.93600,-0.532000,-2.37400
2008-12-16T16:44:00.000Z,-1.10900,0.403000,-2.15500
2008-12-16T16:48:00.000Z,-1.40400,1.24900,-1.39700
2008-12-16T16:52:00.000Z,-1.39300,-0.320000,-1.83200
2008-12-16T16:56:00.000Z,-0.883000,-1.99800,-1.06500
2008-12-16T17:00:00.000Z,-1.32600,-1.64500,-1.32200
2008-12-16T17:04:00.000Z,-1.50500,-0.341000,-1.87100
2008-12-16T17:08:00.000Z,-1.97500,0.761000,-2.49200
2008-12-16T17:12:00.000Z,-2.27400,0.545000,-2.61500
2008-12-16T17:16:00.000Z,-2.56100,-1.77400,-1.32200
2008-12-16T17:20:00.000Z,-2.54800,-2.83400,-0.800000
2008-12-16T17:24:00.000Z,-2.61900,-2.59800,-0.902000
2008-12-16T17:28:00.000Z,-2.23000,-2.61400,-1.30400
2008-12-16T17:32:00.000Z,-2.10100,-2.66800,-1.33300
2008-12-16T17:36:00.000Z,-2.29200,-2.56700,-1.57300
2008-12-16T17:40:00.000Z,-2.80700,-2.03800,-2.09800
2008-12-16T17:44:00.000Z,-2.68500,-2.07900,-1.72100
2008-12-16T17:48:00.000Z,-2.95200,-2.07100,-0.946000
2008-12-16T17:52:00.000Z,-3.10700,-2.06100,-0.384000
2008-12-16T17:56:00.000Z,-2.67300,-2.37600,-1.58800
2008-12-16T18:00:00.000Z,-2.81700,-1.93200,-0.630000
2008-12-16T18:04:00.000Z,-3.06100,-1.50800,-0.192000
2008-12-16T18:08:00.000Z,-3.22300,-1.02400,-0.889000
2008-12-16T18:12:00.000Z,-3.25600,-1.13500,-1.39100
2008-12-16T18:16:00.000Z,-2.12200,-1.93900,-2.28500
2008-12-16T18:20:00.000Z,-1.90500,-2.02900,-2.56900
2008-12-16T18:24:00.000Z,-1.91100,-2.35600,-2.74100
2008-12-16T18:28:00.000Z,-2.22600,-2.21800,-2.68100
2008-12-16T18:32:00.000Z,-1.54000,-2.04200,-2.78300
2008-12-16T18:36:00.000Z,-1.62900,-1.70700,-3.09900
2008-12-16T18:40:00.000Z,-1.27900,-1.39900,-3.47400
2008-12-16T18:44:00.000Z,-1.38200,-1.09600,-3.27400
2008-12-16T18:48:00.000Z,-1.41200,-0.863000,-3.21600
2008-12-16T18:52:00.000Z,-1.34200,-0.534000,-3.26100
2008-12-16T18:56:00.000Z,-1.77400,-0.862000,-2.86100
2008-12-16T19:00:00.000Z,-1.59400,-0.857000,-3.19500
2008-12-16T19:04:00.000Z,-1.53200,-0.795000,-3.03300
2008-12-16T19:08:00.000Z,-1.10000,-0.0890000,-3.03200
2008-12-16T19:12:00.000Z,-1.43600,-0.878000,-1.71400
2008-12-16T19:16:00.000Z,-2.45900,-2.34300,2.15600
2008-12-16T19:20:00.000Z,-1.59500,-2.79400,4.26500
2008-12-16T19:24:00.000Z,-1.88700,-2.73900,4.98900
2008-12-16T19:28:00.000Z,-2.21800,-3.38900,4.50800
2008-12-16T19:32:00.000Z,-2.41500,-3.64800,4.17700
2008-12-16T19:36:00.000Z,-2.12500,-3.93400,4.20700
2008-12-16T19:40:00.000Z,-1.96900,-3.83100,4.45100
2008-12-16T19:44:00.000Z,-3.13600,-5.29400,2.45900
2008-12-16T19:48:00.000Z,-3.09900,-5.60900,1.74400
2008-12-16T19:52:00.000Z,-3.10900,-5.87100,1.20100
2008-12-16T19:56:00.000Z,-3.36500,-6.05700,0.490000
2008-12-16T20:00:00.000Z,-3.25800,-6.28800,0.419000
2008-12-16T20:04:00.000Z,-3.37600,-6.35000,0.396000
2008-12-16T20:08:00.000Z,-3.47000,-5.86800,-0.0870000
2008-12-16T20:12:00.000Z,-3.03100,-6.00900,-0.241000
2008-12-16T20:16:00.000Z,-3.02400,-5.94000,0.0790000
2008-12-16T20:20:00.000Z,-3.24800,-5.84700,0.0680000
2008-12-16T20:24:00.000Z,-3.11100,-6.31000,-0.503000
2008-12-16T20:28:00.000Z,-2.91400,-5.66900,-0.417000
2008-12-16T20:32:00.000Z,-3.37300,-4.70600,0.714000
2008-12-16T20:36:00.000Z,-2.90900,-5.21200,-0.117000
2008-12-16T20:40:00.000Z,-3.17300,-5.20300,-0.0560000
2008-12-16T20:44:00.000Z,-3.26200,-5.82800,-1.25100
2008-12-16T20:48:00.000Z,-2.93500,-5.23100,-0.990000
2008-12-16T20:52:00.000Z,-2.80600,-5.44100,-0.543000
2008-12-16T20:56:00.000Z,-2.91400,-5.54900,-0.687000
2008-12-16T21:00:00.000Z,-2.73600,-5.42800,-1.50300
2008-12-16T21:04:00.000Z,-2.91900,-5.49200,-2.19600
2008-12-16T21:08:00.000Z,-2.87300,-5.45000,-2.69000
2008-12-16T21:12:00.000Z,-2.61400,-5.04000,-2.54300
2008-12-16T21:16:00.000Z,-2.53300,-3.16900,-3.35200
2008-12-16T21:20:00.000Z,-1.70900,-2.21400,-3.36000
2008-12-16T21:24:00.000Z,-1.81600,-2.05300,-3.76600
2008-12-16T21:28:00.000Z,-1.46400,-1.88100,-3.67800
2008-12-16T21:32:00.000Z,-0.467000,-1.26000,-3.95100
2008-12-16T21:36:00.000Z,-0.812000,-1.17300,-3.53400
2008-12-16T21:40:00.000Z,-0.879000,-0.829000,-3.17900
2008-12-16T21:44:00.000Z,-0.673000,-0.664000,-3.25100
2008-12-16T21:48:00.000Z,-0.739000,-0.211000,-3.82200
2008-12-16T21:52:00.000Z,-0.893000,-1.46300,-3.54500
2008-12-16T21:56:00.000Z,-1.00500,-0.895000,-3.85800
2008-12-16T22:00:00.000Z,-1.43000,-4.22800,0.472000
2008-12-16T22:04:00.000Z,-1.53200,-5.38100,2.43100
2008-12-16T22:08:00.000Z,-1.61500,-4.57600,-1.36100
2008-12-16T22:12:00.000Z,-1.61300,-5.96200,-0.661000
2008-12-16T22:16:00.000Z,-1.91600,-5.16900,-0.0150000
2008-12-16T22:20:00.000Z,-1.43300,-3.50500,-0.275000
2008-12-16T22:24:00.000Z,-1.79700,-2.97800,-0.714000
2008-12-16T22:28:00.000Z,-2.45300,-3.86800,-0.944000
2008-12-16T22:32:00.000Z,-2.33800,-4.20800,-1.26200
2008-12-16T22:36:00.000Z,-2.60200,-4.51000,-1.24400
2008-12-16T22:40:00.000Z,-1.57100,-2.99000,-0.531000
2008-12-16T22:44:00.000Z,-2.01200,-3.71800,0.241000
2008-12-16T22:48:00.000Z,-1.32600,-2.88000,-0.0180000
2008-12-16T22:52:00.000Z,0.673000,1.43500,-2.10600
2008-12-16T22:56:00.000Z,0.534000,2.19100,-1.48600
2008-12-16T23:00:00.000Z,0.297000,2.09500,-1.44100
2008-12-16T23:04:00.000Z,0.224000,2.68900,-2.01000
2008-12-16T23:08:00.000Z,0.252000,2.55400,-1.89600
2008-12-16T23:12:00.000Z,0.460000,1.29400,-1.71000
2008-12-16T23:16:00.000Z,-0.528000,0.510000,-1.32000
2008-12-16T23:20:00.000Z,-0.966000,-2.63300,2.42300
2008-12-16T23:24:00.000Z,-2.28900,-4.69100,3.68300
2008-12-16T23:28:00.000Z,-2.16700,-5.05300,3.41000
2008-12-16T23:32:00.000Z,-2.17300,-4.80800,3.67400
2008-12-16T23:36:00.000Z,-2.52300,-5.28500,3.12100
2008-12-16T23:40:00.000Z,-2.16100,-5.52200,2.68400
2008-12-16T23:44:00.000Z,-2.37100,-5.83300,1.51200
2008-12-16T23:48:00.000Z,-2.70300,-5.71600,0.276000
2008-12-16T23:52:00.000Z,-2.43400,-4.85400,-0.794000
2008-12-16T23:56:00.000Z,-2.19100,-4.27100,-1.28600
2008-12-17T00:00:00.000Z,-2.21600,-3.87100,-2.22900
2008-12-17T00:04:00.000Z,-1.82100,-4.23200,-2.09100
2008-12-17T00:08:00.000Z,-2.30100,-3.91100,-2.31500
2008-12-17T00:12:00.000Z,-2.45700,-4.10800,-2.80400
2008-12-17T00:16:00.000Z,-2.29500,-4.01200,-3.43900
2008-12-17T00:20:00.000Z,-1.72800,-3.80400,-3.71400
2008-12-17T00:24:00.000Z,-1.72400,-3.57500,-3.98800
2008-12-17T00:28:00.000Z,-1.61500,-3.46500,-4.27200
2008-12-17T00:32:00.000Z,-1.65600,-2.92700,-4.90800
2008-12-17T00:36:00.000Z,-1.69700,-2.45400,-5.63300
2008-12-17T00:40:00.000Z,-1.80500,-1.45200,-6.10900
2008-12-17T00:44:00.000Z,-1.65300,-1.76800,-5.56100
2008-12-17T00:48:00.000Z,-1.50300,-1.60200,-5.73600
2008-12-17T00:52:00.000Z,-0.892000,-1.53100,-6.01400
2008-12-17T00:56:00.000Z,-1.69800,-1.19000,-6.19900
2008-12-17T01:00:00.000Z,-0.620000,0.161000,-6.75200
2008-12-17T01:04:00.000Z,-0.839000,0.207000,-6.63500
2008-12-17T01:08:00.000Z,-1.48200,-0.0360000,-6.63700
2008-12-17T01:12:00.000Z,-1.26000,0.537000,-6.71900
2008-12-17T01:16:00.000Z,-1.41500,1.13900,-6.39000
2008-12-17T01:20:00.000Z,-1.39200,3.44500,-5.43500
2008-12-17T01:24:00.000Z,-0.915000,3.85200,-5.17200
2008-12-17T01:28:00.000Z,-0.478000,3.39400,-4.75300
2008-12-17T01:32:00.000Z,-0.308000,3.06700,-4.89800
2008-12-17T01:36:00.000Z,0.0890000,4.02800,-3.66100
2008-12-17T01:40:00.000Z,0.132000,4.31700,-3.82900
2008-12-17T01:44:00.000Z,0.276000,3.64900,-4.24000
2008-12-17T01:48:00.000Z,0.509000,3.20000,-4.27000
2008-12-17T01:52:00.000Z,0.853000,3.59400,-3.70400
2008-12-17T01:56:00.000Z,0.831000,3.82100,-5.03700
2008-12-17T02:00:00.000Z,3.75000,2.62200,-3.37400
2008-12-17T02:04:00.000Z,0.634000,-1.14900,-4.62300
2008-12-17T02:08:00.000Z,-0.249000,-2.37700,1.41400
2008-12-17T02:12:00.000Z,-0.397000,-5.63700,1.04400
2008-12-17T02:16:00.000Z,-0.612000,-6.98700,-0.359000
2008-12-17T02:20:00.000Z,-0.671000,-6.43400,-0.728000
2008-12-17T02:24:00.000Z,-1.37400,-6.12900,-0.487000
2008-12-17T02:28:00.000Z,-1.62400,-5.78900,-1.21900
2008-12-17T02:32:00.000Z,-2.10200,-6.22400,-1.33700
2008-12-17T02:36:00.000Z,-2.01600,-7.39900,1.53100
2008-12-17T02:40:00.000Z,-1.21900,-7.30900,3.07400
2008-12-17T02:44:00.000Z,-0.939000,-7.16700,3.83300
2008-12-17T02:48:00.000Z,-0.274000,-6.78600,4.43800
2008-12-17T02:52:00.000Z,-0.370000,-6.89700,4.79100
2008-12-17T02:56:00.000Z,-0.327000,-6.92800,4.97700
2008-12-17T03:00:00.000Z,-0.555000,-6.84000,5.02000
2008-12-17T03:04:00.000Z,-0.300000,-6.67000,5.20500
2008-12-17T03:08:00.000Z,-0.0550000,-6.81500,5.22000
2008-12-17T03:12:00.000Z,0.397000,-6.11900,5.79300
2008-12-17T03:16:00.000Z,0.965000,-5.20000,6.41400
2008-12-17T03:20:00.000Z,1.06700,-4.48800,6.74500
2008-12-17T03:24:00.000Z,0.840000,-4.11600,6.78600
2008-12-17T03:28:00.000Z,0.449000,-4.70200,6.38500
2008-12-17T03:32:00.000Z,0.448000,-3.82200,6.63200
2008-12-17T03:36:00.000Z,-1.30800,-5.44400,5.02000
2008-12-17T03:40:00.000Z,-2.41000,-7.43200,4.74200
2008-12-17T03:44:00.000Z,-2.45600,-7.63300,4.77500
2008-12-17T03:48:00.000Z,-2.39900,-7.82100,4.84800
2008-12-17T03:52:00.000Z,-2.46600,-8.05000,4.54500
2008-12-17T03:56:00.000Z,-2.35800,-8.03900,4.62800
2008-12-17T04:00:00.000Z,-2.12000,-7.97200,4.83700
2008-12-17T04:04:00.000Z,-2.76000,-8.42500,3.79200
2008-12-17T04:08:00.000Z,-2.62200,-8.48200,3.78900
2008-12-17T04:12:00.000Z,-2.81400,-8.57100,3.52100
2008-12-17T04:16:00.000Z,-2.74200,-8.63500,3.45600
2008-12-17T04:20:00.000Z,-2.88900,-8.74000,2.99600
2008-12-17T04:24:00.000Z,-2.98800,-8.75100,2.74000
2008-12-17T04:28:00.000Z,-2.72100,-8.60100,3.25300
2008-12-17T04:32:00.000Z,-2.73100,-8.61900,3.16500
2008-12-17T04:36:00.000Z,-2.66100,-8.61800,3.10600
2008-12-17T04:40:00.000Z,-2.67600,-8.65800,2.83900
2008-12-17T04:44:00.000Z,-2.82700,-8.70600,2.49800
2008-12-17T04:48:00.000Z,-2.72900,-8.72500,2.48400
2008-12-17T04:52:00.000Z,-2.50200,-8.77200,2.48000
2008-12-17T04:56:00.000Z,-2.58700,-8.76200,2.34200
2008-12-17T05:00:00.000Z,-2.61800,-8.74800,2.24300
2008-12-17T05:04:00.000Z,-2.56200,-8.72300,2.38000
2008-12-17T05:08:00.000Z,-2.78000,-8.78700,1.82900
2008-12-17T05:12:00.000Z,-3.09200,-8.77200,1.33500
2008-12-17T05:16:00.000Z,-3.16800,-8.74700,1.08100
2008-12-17T05:20:00.000Z,-3.14200,-8.70000,1.24600
2008-12-17T05:24:00.000Z,-3.39600,-8.63400,0.982000
2008-12-17T05:28:00.000Z,-3.27200,-8.66800,0.800000
2008-12-17T05:32:00.000Z,-2.68400,-8.79000,1.29700
2008-12-17T05:36:00.000Z,-2.55600,-8.82700,1.36300
2008-12-17T05:40:00.000Z,-2.63100,-8.82700,0.932000
2008-12-17T05:44:00.000Z,-2.14300,-8.92200,0.828000
2008-12-17T05:48:00.000Z,-2.58400,-8.77400,1.04000
2008-12-17T05:52:00.000Z,-2.79000,-8.77100,0.512000
2008-12-17T05:56:00.000Z,-2.69200,-8.77600,0.669000
2008-12-17T06:00:00.000Z,-2.72900,-8.73300,0.659000
2008-12-17T06:04:00.000Z,-2.61000,-8.74300,0.528000
2008-12-17T06:08:00.000Z,-2.59500,-8.72600,0.413000
2008-12-17T06:12:00.000Z,-2.36600,-8.77400,0.394000
2008-12-17T06:16:00.000Z,-2.27100,-8.78300,0.405000
2008-12-17T06:20:00.000Z,-2.44600,-8.73100,0.0430000
2008-12-17T06:24:00.000Z,-2.45900,-8.67600,-0.189000
2008-12-17T06:28:00.000Z,-2.42400,-8.71400,-0.186000
2008-12-17T06:32:00.000Z,-2.10900,-8.72300,0.0280000
2008-12-17T06:36:00.000Z,-1.80100,-8.75700,0.351000
2008-12-17T06:40:00.000Z,-1.69300,-8.75100,0.228000
2008-12-17T06:44:00.000Z,-1.68900,-8.73800,0.143000
2008-12-17T06:48:00.000Z,-1.84500,-8.70200,-0.122000
2008-12-17T06:52:00.000Z,-1.87200,-8.69800,-0.152000
2008-12-17T06:56:00.000Z,-2.10700,-8.60700,-0.643000
2008-12-17T07:00:00.000Z,-1.97600,-8.62200,-0.312000
2008-12-17T07:04:00.000Z,-1.86600,-8.64800,-0.186000
2008-12-17T07:08:00.000Z,-1.80400,-8.55200,-0.259000
2008-12-17T07:12:00.000Z,-1.81700,-8.44100,-0.470000
2008-12-17T07:16:00.000Z,-1.84300,-8.26800,-0.480000
2008-12-17T07:20:00.000Z,-1.77900,-8.24700,-0.373000
2008-12-17T07:24:00.000Z,-1.71800,-8.20300,-0.600000
2008-12-17T07:28:00.000Z,-1.62500,-8.18000,-0.698000
2008-12-17T07:32:00.000Z,-1.58600,-8.24000,-0.119000
2008-12-17T07:36:00.000Z,-1.48100,-8.46000,-0.454000
2008-12-17T07:40:00.000Z,-1.94100,-8.12600,-1.83900
2008-12-17T07:44:00.000Z,-1.84600,-8.32800,-1.17400
2008-12-17T07:48:00.000Z,-1.68000,-8.36500,-1.27500
2008-12-17T07:52:00.000Z,-1.56900,-8.39600,-1.50500
2008-12-17T07:56:00.000Z,-1.40700,-8.37300,-1.69200
2008-12-17T08:00:00.000Z,-1.35100,-8.34800,-1.78200
2008-12-17T08:04:00.000Z,-1.35200,-8.27200,-1.95000
2008-12-17T08:08:00.000Z,-1.40700,-8.37500,-1.42500
2008-12-17T08:12:00.000Z,-1.25800,-8.45100,-0.937000
2008-12-17T08:16:00.000Z,-0.824000,-8.49100,-0.982000
2008-12-17T08:20:00.000Z,-0.742000,-8.48500,-0.532000
2008-12-17T08:24:00.000Z,-0.965000,-8.43300,-0.679000
2008-12-17T08:28:00.000Z,-0.942000,-8.41100,-0.546000
2008-12-17T08:32:00.000Z,-0.936000,-8.39300,-0.591000
2008-12-17T08:36:00.000Z,-1.08000,-8.40600,-0.836000
2008-12-17T08:40:00.000Z,-1.05000,-8.39100,-0.968000
2008-12-17T08:44:00.000Z,-0.963000,-8.39600,-0.876000
2008-12-17T08:48:00.000Z,-0.961000,-8.37700,-0.945000
2008-12-17T08:52:00.000Z,-0.940000,-8.35600,-1.08400
2008-12-17T08:56:00.000Z,-0.938000,-8.35100,-1.06500
2008-12-17T09:00:00.000Z,-0.933000,-8.37300,-0.961000
2008-12-17T09:04:00.000Z,-0.883000,-8.36000,-0.890000
2008-12-17T09:08:00.000Z,-0.814000,-8.34900,-0.960000
2008-12-17T09:12:00.000Z,-0.847000,-8.33300,-0.869000
2008-12-17T09:16:00.000Z,-0.650000,-8.37900,-0.481000
2008-12-17T09:20:00.000Z,-0.870000,-8.20200,-1.42100
2008-12-17T09:24:00.000Z,-1.24500,-7.81700,-2.65900
2008-12-17T09:28:00.000Z,-0.898000,-7.97800,-2.02000
2008-12-17T09:32:00.000Z,-1.08900,-7.90900,-1.90800
2008-12-17T09:36:00.000Z,-1.06900,-8.05500,-1.41400
2008-12-17T09:40:00.000Z,-0.907000,-8.08900,-1.27400
2008-12-17T09:44:00.000Z,-0.897000,-8.04000,-1.73200
2008-12-17T09:48:00.000Z,-1.30400,-7.97600,-0.895000
2008-12-17T09:52:00.000Z,-1.29300,-7.99500,-1.05600
2008-12-17T09:56:00.000Z,-1.09700,-7.99000,-1.42600
2008-12-17T10:00:00.000Z,-1.15900,-7.97600,-1.75300
2008-12-17T10:04:00.000Z,-0.501000,-7.68600,-2.83600
2008-12-17T10:08:00.000Z,-0.854000,-7.81300,-2.35700
2008-12-17T10:12:00.000Z,-0.563000,-7.70600,-2.68200
2008-12-17T10:16:00.000Z,-0.200000,-7.58900,-3.21200
2008-12-17T10:20:00.000Z,-0.0260000,-7.56100,-3.32000
2008-12-17T10:24:00.000Z,-0.128000,-7.53900,-3.39000
2008-12-17T10:28:00.000Z,-0.279000,-7.37500,-3.69900
2008-12-17T10:32:00.000Z,-0.116000,-7.42000,-3.57700
2008-12-17T10:36:00.000Z,0.112000,-7.45300,-3.47200
2008-12-17T10:40:00.000Z,0.124000,-7.40100,-3.58000
2008-12-17T10:44:00.000Z,-0.0480000,-7.19400,-3.93300
2008-12-17T10:48:00.000Z,-0.133000,-7.15300,-3.96600
2008-12-17T10:52:00.000Z,-0.255000,-7.05600,-4.12100
2008-12-17T10:56:00.000Z,-0.214000,-6.90500,-4.31200
2008-12-17T11:00:00.000Z,-0.112000,-7.07200,-4.00100
2008-12-17T11:04:00.000Z,-0.105000,-6.91600,-4.24800
2008-12-17T11:08:00.000Z,0.00700000,-6.84400,-4.36100
2008-12-17T11:12:00.000Z,-0.130000,-7.00400,-4.05600
2008-12-17T11:16:00.000Z,-0.355000,-7.26700,-3.42400
2008-12-17T11:20:00.000Z,-0.604000,-7.74400,-2.28500
2008-12-17T11:24:00.000Z,-0.587000,-7.62700,-2.55400
2008-12-17T11:28:00.000Z,-0.465000,-7.45300,-2.92800
2008-12-17T11:32:00.000Z,-0.401000,-7.44400,-2.94400
2008-12-17T11:36:00.000Z,0.115000,-7.13000,-3.50800
2008-12-17T11:40:00.000Z,-0.140000,-6.88600,-3.84000
2008-12-17T11:44:00.000Z,-0.152000,-6.93500,-3.69700
2008-12-17T11:48:00.000Z,-0.0280000,-6.93700,-3.34400
2008-12-17T11:52:00.000Z,0.0920000,-6.75600,-3.60300
2008-12-17T11:56:00.000Z,0.189000,-6.49700,-3.96000
2008-12-17T12:00:00.000Z,0.177000,-6.32300,-4.41800
2008-12-17T12:04:00.000Z,0.266000,-6.49200,-4.26700
2008-12-17T12:08:00.000Z,0.498000,-6.81300,-3.71000
2008-12-17T12:12:00.000Z,0.572000,-7.13100,-3.12100
2008-12-17T12:16:00.000Z,0.435000,-6.97500,-3.45900
2008-12-17T12:20:00.000Z,0.330000,-6.14100,-4.87500
2008-12-17T12:24:00.000Z,0.312000,-5.75700,-5.32100
2008-12-17T12:28:00.000Z,0.148000,-5.71000,-5.31700
2008-12-17T12:32:00.000Z,-0.282000,-5.49800,-5.55100
2008-12-17T12:36:00.000Z,-0.498000,-5.09300,-5.89000
2008-12-17T12:40:00.000Z,-0.440000,-4.94400,-5.98800
2008-12-17T12:44:00.000Z,-0.354000,-4.96400,-5.92800
2008-12-17T12:48:00.000Z,-0.231000,-5.08400,-5.77800
2008-12-17T12:52:00.000Z,0.0860000,-5.03100,-5.75000
2008-12-17T12:56:00.000Z,0.0300000,-5.07400,-5.70400
2008-12-17T13:00:00.000Z,0.155000,-5.16000,-5.61500
2008-12-17T13:04:00.000Z,0.444000,-5.04400,-5.66200
2008-12-17T13:08:00.000Z,0.536000,-4.87800,-5.76200
2008-12-17T13:12:00.000Z,0.620000,-4.87700,-5.74100
2008-12-17T13:16:00.000Z,0.311000,-5.13600,-5.48900
2008-12-17T13:20:00.000Z,-0.513000,-5.51900,-5.05400
2008-12-17T13:24:00.000Z,-0.540000,-5.31800,-5.25400
2008-12-17T13:28:00.000Z,-0.441000,-5.31800,-5.24500
2008-12-17T13:32:00.000Z,-0.304000,-5.35000,-5.20000
2008-12-17T13:36:00.000Z,-0.229000,-5.30700,-5.19200
2008-12-17T13:40:00.000Z,-0.445000,-5.18000,-5.21900
2008-12-17T13:44:00.000Z,-0.0880000,-5.01300,-5.33500
2008-12-17T13:48:00.000Z,0.398000,-4.36200,-5.73600
2008-12-17T13:52:00.000Z,-0.194000,-5.26600,-4.82000
2008-12-17T13:56:00.000Z,0.825000,-3.73900,-5.63100
2008-12-17T14:00:00.000Z,1.58900,-2.28800,-6.16700
2008-12-17T14:04:00.000Z,1.71200,-2.17500,-6.15300
2008-12-17T14:08:00.000Z,1.58600,-2.29900,-6.04400
2008-12-17T14:12:00.000Z,1.66100,-2.38800,-5.97600
2008-12-17T14:16:00.000Z,1.62200,-2.42200,-5.94200
2008-12-17T14:20:00.000Z,1.38700,-2.42200,-5.81500
2008-12-17T14:24:00.000Z,0.869000,-2.33300,-4.86600
2008-12-17T14:28:00.000Z,1.26900,-2.01800,-4.62200
2008-12-17T14:32:00.000Z,1.17800,-2.46200,-5.33100
2008-12-17T14:36:00.000Z,1.02000,-2.25300,-5.15600
2008-12-17T14:40:00.000Z,0.591000,-2.28000,-5.16500
2008-12-17T14:44:00.000Z,1.01300,-1.65300,-4.70800
2008-12-17T14:48:00.000Z,1.20000,-0.822000,-4.39000
2008-12-17T14:52:00.000Z,1.44300,-0.887000,-4.13500
2008-12-17T14:56:00.000Z,1.84400,0.170000,-3.96900
2008-12-17T15:00:00.000Z,1.30700,-0.644000,-4.13100
2008-12-17T15:04:00.000Z,0.880000,-1.39900,-4.34800
2008-12-17T15:08:00.000Z,0.802000,-1.50100,-4.42200
2008-12-17T15:12:00.000Z,1.00300,-1.13800,-3.88000
2008-12-17T15:16:00.000Z,1.15700,-0.829000,-3.69700
2008-12-17T15:20:00.000Z,1.45700,-0.805000,-3.82200
2008-12-17T15:24:00.000Z,1.01600,-1.05800,-3.99900
2008-12-17T15:28:00.000Z,0.623000,-1.40200,-4.05300
2008-12-17T15:32:00.000Z,0.661000,-1.54200,-3.89900
2008-12-17T15:36:00.000Z,0.416000,-1.55000,-3.80200
2008-12-17T15:40:00.000Z,0.761000,-1.07600,-3.68900
2008-12-17T15:44:00.000Z,0.739000,-1.22100,-3.54600
2008-12-17T15:48:00.000Z,0.640000,-1.30300,-3.66200
2008-12-17T15:52:00.000Z,0.489000,-1.30200,-3.59200
2008-12-17T15:56:00.000Z,0.833000,-0.751000,-3.41100
2008-12-17T16:00:00.000Z,1.27100,-0.762000,-3.28600
2008-12-17T16:04:00.000Z,0.942000,-0.968000,-3.49700
2008-12-17T16:08:00.000Z,0.875000,-1.18600,-3.70500
2008-12-17T16:12:00.000Z,0.973000,-1.26800,-3.71400
2008-12-17T16:16:00.000Z,1.36900,-0.599000,-3.17800
2008-12-17T16:20:00.000Z,0.299000,-1.74000,-3.65400
2008-12-17T16:24:00.000Z,0.367000,-1.79700,-3.83300
2008-12-17T16:28:00.000Z,-1.32100,-3.19000,-2.87800
2008-12-17T16:32:00.000Z,0.0520000,-2.35100,-4.07900
2008-12-17T16:36:00.000Z,-0.417000,-2.47000,-4.02500
2008-12-17T16:40:00.000Z,-0.372000,-2.47500,-4.02100
2008-12-17T16:44:00.000Z,-0.169000,-2.29100,-4.06900
2008-12-17T16:48:00.000Z,-0.161000,-2.38900,-4.15700
2008-12-17T16:52:00.000Z,-0.269000,-2.31000,-4.18300
2008-12-17T16:56:00.000Z,-0.492000,-2.42400,-4.13800
2008-12-17T17:00:00.000Z,-0.839000,-2.54600,-3.95300
2008-12-17T17:04:00.000Z,-0.846000,-2.68600,-3.92500
2008-12-17T17:08:00.000Z,-0.712000,-2.76100,-3.89500
2008-12-17T17:12:00.000Z,-0.516000,-2.76300,-3.87200
2008-12-17T17:16:00.000Z,-0.738000,-2.81200,-3.72700
2008-12-17T17:20:00.000Z,-0.871000,-3.04200,-3.49800
2008-12-17T17:24:00.000Z,-1.05300,-3.08600,-3.35100
2008-12-17T17:28:00.000Z,-0.619000,-1.94600,-4.02200
2008-12-17T17:32:00.000Z,-0.202000,-1.81000,-4.35100
2008-12-17T17:36:00.000Z,-0.473000,-2.11500,-4.04200
2008-12-17T17:40:00.000Z,-0.276000,-1.39400,-4.19700
2008-12-17T17:44:00.000Z,-1.67000,-3.02600,-3.06000
2008-12-17T17:48:00.000Z,-0.907000,-2.16900,-3.64200
2008-12-17T17:52:00.000Z,0.894000,-0.756000,-2.50100
2008-12-17T17:56:00.000Z,1.02900,-0.783000,-2.76600
2008-12-17T18:00:00.000Z,0.996000,-0.795000,-2.82800
2008-12-17T18:04:00.000Z,0.516000,-1.10700,-1.44900
2008-12-17T18:08:00.000Z,0.994000,-0.828000,-1.91000
2008-12-17T18:12:00.000Z,0.471000,-0.750000,-0.938000
2008-12-17T18:16:00.000Z,0.903000,-0.930000,-1.15300
2008-12-17T18:20:00.000Z,0.660000,-0.693000,-1.58900
2008-12-17T18:24:00.000Z,0.573000,-0.960000,-1.59800
2008-12-17T18:28:00.000Z,0.529000,-1.08600,-1.97100
2008-12-17T18:32:00.000Z,0.382000,-1.32300,-1.90500
2008-12-17T18:36:00.000Z,0.262000,-1.31100,-1.67400
2008-12-17T18:40:00.000Z,0.432000,-1.73300,-1.79200
2008-12-17T18:44:00.000Z,0.948000,-2.00500,-1.76400
2008-12-17T18:48:00.000Z,0.342000,-1.65600,-2.35200
2008-12-17T18:52:00.000Z,-0.157000,-1.99000,-2.10400
2008-12-17T18:56:00.000Z,-0.387000,-2.01400,-1.28900
2008-12-17T19:00:00.000Z,-0.372000,-1.81400,-1.34700
2008-12-17T19:04:00.000Z,-0.427000,-2.13200,-1.89200
2008-12-17T19:08:00.000Z,0.0350000,-2.34900,-2.18400
2008-12-17T19:12:00.000Z,0.377000,-2.20200,-2.29100
2008-12-17T19:16:00.000Z,1.19400,0.909000,0.177000
2008-12-17T19:20:00.000Z,0.0980000,0.501000,-0.558000
2008-12-17T19:24:00.000Z,-1.03500,-1.00400,-2.25100
2008-12-17T19:28:00.000Z,-0.565000,-1.74000,-1.50400
2008-12-17T19:32:00.000Z,-1.92000,-0.767000,-2.94300
2008-12-17T19:36:00.000Z,-1.54400,-0.156000,-3.36100
2008-12-17T19:40:00.000Z,-1.00300,0.694000,-3.47400
2008-12-17T19:44:00.000Z,-0.965000,0.977000,-3.48600
2008-12-17T19:48:00.000Z,-0.829000,1.73500,-2.86700
2008-12-17T19:52:00.000Z,-0.961000,1.83600,-2.07000
2008-12-17T19:56:00.000Z,-1.13000,2.24400,-1.35200
2008-12-17T20:00:00.000Z,-1.18400,2.34000,-1.19600
2008-12-17T20:04:00.000Z,-1.19300,2.96800,-2.49600
2008-12-17T20:08:00.000Z,-1.36400,3.05000,-2.40700
2008-12-17T20:12:00.000Z,-1.00800,3.00300,-2.25000
2008-12-17T20:16:00.000Z,-0.673000,3.13500,-1.73600
2008-12-17T20:20:00.000Z,-0.819000,3.13200,-1.25300
2008-12-17T20:24:00.000Z,0.482000,3.96800,-0.234000
2008-12-17T20:28:00.000Z,0.278000,4.19500,-0.660000
2008-12-17T20:32:00.000Z,0.515000,3.91200,-0.692000
2008-12-17T20:36:00.000Z,0.704000,3.82100,-0.789000
2008-12-17T20:40:00.000Z,0.895000,3.78900,-1.03100
2008-12-17T20:44:00.000Z,0.837000,3.86200,-1.11300
2008-12-17T20:48:00.000Z,0.719000,3.91000,-1.09100
2008-12-17T20:52:00.000Z,0.596000,3.82300,-1.40800
2008-12-17T20:56:00.000Z,0.668000,3.55200,-1.75200
2008-12-17T21:00:00.000Z,0.620000,3.71200,-1.32900
2008-12-17T21:04:00.000Z,0.717000,4.08100,-0.649000
2008-12-17T21:08:00.000Z,0.751000,4.14900,-0.192000
2008-12-17T21:12:00.000Z,0.375000,3.99300,0.582000
2008-12-17T21:16:00.000Z,0.696000,4.05400,0.0640000
2008-12-17T21:20:00.000Z,0.776000,4.01700,-0.588000
2008-12-17T21:24:00.000Z,0.478000,4.11800,-0.0890000
2008-12-17T21:28:00.000Z,0.988000,3.94900,-0.399000
2008-12-17T21:32:00.000Z,0.681000,4.01800,-0.181000
2008-12-17T21:36:00.000Z,-0.0120000,4.06400,-0.492000
2008-12-17T21:40:00.000Z,-0.0920000,4.04400,-0.547000
2008-12-17T21:44:00.000Z,0.837000,3.98900,-0.107000
2008-12-17T21:48:00.000Z,1.15500,4.01200,-0.136000
2008-12-17T21:52:00.000Z,1.11300,4.02600,-0.0820000
2008-12-17T21:56:00.000Z,1.06300,3.98200,-0.129000
2008-12-17T22:00:00.000Z,0.601000,3.96900,0.297000
2008-12-17T22:04:00.000Z,0.854000,3.93100,0.283000
2008-12-17T22:08:00.000Z,0.658000,3.86300,-0.423000
2008-12-17T22:12:00.000Z,0.220000,3.80300,-0.804000
2008-12-17T22:16:00.000Z,0.496000,3.83300,-0.644000
2008-12-17T22:20:00.000Z,0.612000,3.65300,-1.27800
2008-12-17T22:24:00.000Z,0.425000,3.80600,-0.694000
2008-12-17T22:28:00.000Z,0.437000,3.59300,-1.09800
2008-12-17T22:32:00.000Z,0.368000,3.60200,-1.02500
2008-12-17T22:36:00.000Z,0.678000,3.61200,-0.608000
2008-12-17T22:40:00.000Z,0.0570000,3.54400,-0.744000
2008-12-17T22:44:00.000Z,-0.289000,3.43100,-1.15200
2008-12-17T22:48:00.000Z,-0.288000,3.55500,-0.347000
2008-12-17T22:52:00.000Z,-0.303000,3.53800,0.120000
2008-12-17T22:56:00.000Z,-0.300000,3.54500,-0.0130000
2008-12-17T23:00:00.000Z,-0.441000,3.57700,-0.277000
2008-12-17T23:04:00.000Z,-0.662000,3.47200,-0.922000
2008-12-17T23:08:00.000Z,-0.166000,3.65400,-0.617000
2008-12-17T23:12:00.000Z,-0.0840000,3.75000,-0.699000
2008-12-17T23:16:00.000Z,-0.138000,3.57600,-1.08200
2008-12-17T23:20:00.000Z,-0.0220000,3.63100,-0.752000
2008-12-17T23:24:00.000Z,-0.0300000,3.54800,-0.649000
2008-12-17T23:28:00.000Z,-0.0810000,3.68100,-0.395000
2008-12-17T23:32:00.000Z,0.139000,3.62300,-0.723000
2008-12-17T23:36:00.000Z,0.0400000,3.57100,-0.975000
2008-12-17T23:40:00.000Z,0.0800000,3.64600,-0.730000
2008-12-17T23:44:00.000Z,0.205000,3.75600,-0.493000
2008-12-17T23:48:00.000Z,0.0310000,3.82100,-0.597000
2008-12-17T23:52:00.000Z,-0.0560000,3.78300,-0.692000
2008-12-17T23:56:00.000Z,-0.0730000,3.62500,-0.782000
2008-12-18T00:00:00.000Z,-0.479000,3.56400,-0.579000
2008-12-18T00:04:00.000Z,-0.255000,3.58200,-0.502000
2008-12-18T00:08:00.000Z,-0.0220000,3.41900,-0.747000
2008-12-18T00:12:00.000Z,0.0650000,3.15000,-0.741000
2008-12-18T00:16:00.000Z,0.0260000,2.80900,-1.46200
2008-12-18T00:20:00.000Z,-0.0580000,3.00200,-0.907000
2008-12-18T00:24:00.000Z,-0.308000,2.93300,-0.948000
2008-12-18T00:28:00.000Z,-0.353000,2.76500,-1.01000
2008-12-18T00:32:00.000Z,-0.532000,2.84700,-0.840000
2008-12-18T00:36:00.000Z,-0.690000,2.86400,1.57800
2008-12-18T00:40:00.000Z,-0.929000,2.74100,1.35700
2008-12-18T00:44:00.000Z,-0.959000,2.86500,0.826000
2008-12-18T00:48:00.000Z,-1.20400,2.88200,0.264000
2008-12-18T00:52:00.000Z,-1.56800,2.88900,-0.0410000
2008-12-18T00:56:00.000Z,-2.73400,1.50600,-0.142000
2008-12-18T01:00:00.000Z,-2.43900,1.92700,0.321000
2008-12-18T01:04:00.000Z,-2.80300,1.48700,0.419000
2008-12-18T01:08:00.000Z,-2.83700,1.44900,0.417000
2008-12-18T01:12:00.000Z,-2.33600,2.38200,0.244000
2008-12-18T01:16:00.000Z,-1.51400,3.01700,0.0500000
2008-12-18T01:20:00.000Z,-2.18000,2.54700,0.303000
2008-12-18T01:24:00.000Z,-2.36600,2.34500,0.424000
2008-12-18T01:28:00.000Z,-2.15800,2.47700,0.392000
2008-12-18T01:32:00.000Z,-2.87400,1.82800,0.590000
2008-12-18T01:36:00.000Z,-3.19100,1.40700,0.609000
2008-12-18T01:40:00.000Z,-2.83200,2.24700,0.399000
2008-12-18T01:44:00.000Z,-3.02100,2.13300,0.290000
2008-12-18T01:48:00.000Z,-2.96400,2.15500,0.112000
2008-12-18T01:52:00.000Z,-3.17500,1.99200,-0.0710000
2008-12-18T01:56:00.000Z,-3.38600,1.83500,0.156000
2008-12-18T02:00:00.000Z,-3.17800,1.97300,0.516000
2008-12-18T02:04:00.000Z,-2.95700,2.44800,0.541000
2008-12-18T02:08:00.000Z,-2.94300,2.73200,0.343000
2008-12-18T02:12:00.000Z,-2.28400,3.16100,0.493000
2008-12-18T02:16:00.000Z,-2.52600,3.01600,0.257000
2008-12-18T02:20:00.000Z,-2.32500,3.17000,0.272000
2008-12-18T02:24:00.000Z,-2.52700,2.83500,0.159000
2008-12-18T02:28:00.000Z,-2.66400,2.67600,0.348000
2008-12-18T02:32:00.000Z,-3.63500,1.84000,0.505000
2008-12-18T02:36:00.000Z,-1.43700,3.37500,1.04500
2008-12-18T02:40:00.000Z,-1.32100,3.88200,1.53100
2008-12-18T02:44:00.000Z,-1.24800,3.93600,1.82200
2008-12-18T02:48:00.000Z,-1.28500,4.06400,1.52200
2008-12-18T02:52:00.000Z,-1.40500,3.97900,1.36000
2008-12-18T02:56:00.000Z,-1.76000,3.86100,1.22400
2008-12-18T03:00:00.000Z,-1.72400,3.71300,1.40900
2008-12-18T03:04:00.000Z,-1.67200,3.78600,0.841000
2008-12-18T03:08:00.000Z,-1.55100,3.86800,1.15800
2008-12-18T03:12:00.000Z,-1.89500,3.89500,0.665000
2008-12-18T03:16:00.000Z,-1.88900,4.02500,0.879000
2008-12-18T03:20:00.000Z,-1.93900,4.03600,0.693000
2008-12-18T03:24:00.000Z,-1.97000,3.94200,0.503000
2008-12-18T03:28:00.000Z,-1.99000,3.99500,0.316000
2008-12-18T03:32:00.000Z,-2.00700,3.98400,0.250000
2008-12-18T03:36:00.000Z,-2.27200,3.69100,1.44500
2008-12-18T03:40:00.000Z,-2.07900,3.94700,1.13400
2008-12-18T03:44:00.000Z,-2.09800,4.01300,1.19700
2008-12-18T03:48:00.000Z,-2.10600,4.00000,1.13800
2008-12-18T03:52:00.000Z,-1.98800,4.10900,0.662000
2008-12-18T03:56:00.000Z,-2.47900,3.89400,0.875000
2008-12-18T04:00:00.000Z,-2.49800,3.93100,0.901000
2008-12-18T04:04:00.000Z,-2.27200,4.06900,0.483000
2008-12-18T04:08:00.000Z,-2.14400,4.09200,0.416000
2008-12-18T04:12:00.000Z,-2.20700,4.07100,0.478000
2008-12-18T04:16:00.000Z,-2.14700,4.07600,0.354000
2008-12-18T04:20:00.000Z,-2.15000,4.06700,0.392000
2008-12-18T04:24:00.000Z,-2.09500,4.09300,0.492000
2008-12-18T04:28:00.000Z,-2.30500,1.61800,2.33700
2008-12-18T04:32:00.000Z,-2.29500,1.27900,2.78800
2008-12-18T04:36:00.000Z,-2.39200,1.59600,2.58300
2008-12-18T04:40:00.000Z,-2.50600,2.16600,2.40500
2008-12-18T04:44:00.000Z,-2.60200,2.41900,2.17000
2008-12-18T04:48:00.000Z,-2.27000,2.84600,1.74300
2008-12-18T04:52:00.000Z,-2.02500,3.58600,0.860000
2008-12-18T04:56:00.000Z,-1.81500,3.77600,0.555000
2008-12-18T05:00:00.000Z,-1.75700,3.78400,0.109000
2008-12-18T05:04:00.000Z,-2.20500,3.57000,-0.0640000
2008-12-18T05:08:00.000Z,-1.73500,3.89600,0.510000
2008-12-18T05:12:00.000Z,-1.71600,4.02000,0.349000
2008-12-18T05:16:00.000Z,-1.57900,4.02400,0.0260000
2008-12-18T05:20:00.000Z,-1.24100,4.06100,1.20900
2008-12-18T05:24:00.000Z,-1.18000,4.32600,0.668000
2008-12-18T05:28:00.000Z,-1.54800,4.31300,0.228000
2008-12-18T05:32:00.000Z,-1.49700,4.34700,0.339000
2008-12-18T05:36:00.000Z,-1.30900,4.35800,-0.0360000
2008-12-18T05:40:00.000Z,-0.304000,4.30600,0.829000
2008-12-18T05:44:00.000Z,-0.872000,4.55300,0.458000
2008-12-18T05:48:00.000Z,-0.752000,4.38800,0.890000
2008-12-18T05:52:00.000Z,-0.640000,4.54000,0.922000
2008-12-18T05:56:00.000Z,-0.418000,4.41400,1.18300
2008-12-18T06:00:00.000Z,-0.397000,4.07800,1.83800
2008-12-18T06:04:00.000Z,-0.579000,4.09600,1.63600
2008-12-18T06:08:00.000Z,-0.854000,4.17800,1.45100
2008-12-18T06:12:00.000Z,-1.01300,4.17800,0.461000
2008-12-18T06:16:00.000Z,-0.928000,4.07600,-0.236000
2008-12-18T06:20:00.000Z,-1.02300,4.10400,-0.166000
2008-12-18T06:24:00.000Z,-1.00200,4.16200,-0.0160000
2008-12-18T06:28:00.000Z,-0.988000,4.25000,0.315000
2008-12-18T06:32:00.000Z,-0.847000,4.36900,0.739000
2008-12-18T06:36:00.000Z,-0.769000,4.42800,0.679000
2008-12-18T06:40:00.000Z,-0.989000,4.32600,0.474000
2008-12-18T06:44:00.000Z,-0.646000,4.45700,0.646000
2008-12-18T06:48:00.000Z,-0.763000,4.39600,0.918000
2008-12-18T06:52:00.000Z,-0.712000,4.33200,1.01800
2008-12-18T06:56:00.000Z,-0.993000,4.18800,1.17900
2008-12-18T07:00:00.000Z,-0.781000,4.10300,1.36200
2008-12-18T07:04:00.000Z,-1.17900,4.17400,1.13700
2008-12-18T07:08:00.000Z,-1.01200,4.08900,1.27900
2008-12-18T07:12:00.000Z,-1.21600,4.07200,1.22200
2008-12-18T07:16:00.000Z,-1.09900,4.11700,1.17100
2008-12-18T07:20:00.000Z,-1.23700,4.00900,1.39500
2008-12-18T07:24:00.000Z,-1.34400,3.88800,1.25100
2008-12-18T07:28:00.000Z,-1.46000,3.80700,1.23800
2008-12-18T07:32:00.000Z,-1.08300,4.03300,1.00400
2008-12-18T07:36:00.000Z,-0.675000,4.16600,0.660000
2008-12-18T07:40:00.000Z,-0.548000,4.08700,-0.0700000
2008-12-18T07:44:00.000Z,-0.264000,4.06700,-0.677000
2008-12-18T07:48:00.000Z,0.116000,4.03800,-1.51600
2008-12-18T07:52:00.000Z,0.309000,4.17100,-1.37700
2008-12-18T07:56:00.000Z,0.322000,4.39600,-0.492000
2008-12-18T08:00:00.000Z,-0.191000,4.34900,-0.0140000
2008-12-18T08:04:00.000Z,-0.400000,4.36800,-0.0480000
2008-12-18T08:08:00.000Z,0.0830000,4.42300,0.487000
2008-12-18T08:12:00.000Z,-0.0150000,4.34000,0.541000
2008-12-18T08:16:00.000Z,-0.325000,4.33500,0.305000
2008-12-18T08:20:00.000Z,-0.136000,4.32800,0.217000
2008-12-18T08:24:00.000Z,0.483000,4.38700,0.243000
2008-12-18T08:28:00.000Z,0.341000,4.45800,0.286000
2008-12-18T08:32:00.000Z,0.410000,4.41000,0.314000
2008-12-18T08:36:00.000Z,0.518000,4.30100,0.723000
2008-12-18T08:40:00.000Z,0.884000,4.18100,0.566000
2008-12-18T08:44:00.000Z,0.305000,4.23300,0.777000
2008-12-18T08:48:00.000Z,0.620000,4.03000,0.816000
2008-12-18T08:52:00.000Z,-1.09700,4.05800,1.15100
2008-12-18T08:56:00.000Z,-0.404000,3.95200,1.10700
2008-12-18T09:00:00.000Z,-0.633000,3.94600,0.572000
2008-12-18T09:04:00.000Z,-0.753000,3.96500,0.909000
2008-12-18T09:08:00.000Z,-0.438000,3.91900,1.06400
2008-12-18T09:12:00.000Z,-0.613000,3.96200,0.771000
2008-12-18T09:16:00.000Z,-0.0790000,4.00300,1.17700
2008-12-18T09:20:00.000Z,-0.243000,3.78200,1.15800
2008-12-18T09:24:00.000Z,-1.11800,3.54000,0.181000
2008-12-18T09:28:00.000Z,-1.04600,3.63500,0.0460000
2008-12-18T09:32:00.000Z,-0.931000,3.61900,-0.117000
2008-12-18T09:36:00.000Z,-1.15800,3.29000,-0.564000
2008-12-18T09:40:00.000Z,-1.82300,2.98800,-0.840000
2008-12-18T09:44:00.000Z,-1.77000,3.06300,-0.819000
2008-12-18T09:48:00.000Z,-1.03300,3.55000,0.364000
2008-12-18T09:52:00.000Z,-0.605000,3.58600,0.626000
2008-12-18T09:56:00.000Z,-0.672000,3.55400,1.41500
2008-12-18T10:00:00.000Z,-0.295000,3.74800,1.46000
2008-12-18T10:04:00.000Z,-0.162000,3.81800,1.22300
2008-12-18T10:08:00.000Z,0.0420000,3.88700,0.899000
2008-12-18T10:12:00.000Z,-0.0770000,3.93200,0.827000
2008-12-18T10:16:00.000Z,-0.156000,3.84800,1.00400
2008-12-18T10:20:00.000Z,-0.0750000,3.91200,0.858000
2008-12-18T10:24:00.000Z,0.233000,3.85000,0.453000
2008-12-18T10:28:00.000Z,0.239000,3.74000,0.600000
2008-12-18T10:32:00.000Z,-0.0120000,3.78500,0.660000
2008-12-18T10:36:00.000Z,0.348000,3.79700,0.423000
2008-12-18T10:40:00.000Z,0.218000,3.74000,0.769000
2008-12-18T10:44:00.000Z,0.425000,3.74500,0.0860000
2008-12-18T10:48:00.000Z,-0.0140000,3.77100,0.229000
2008-12-18T10:52:00.000Z,-0.397000,3.71800,0.554000
2008-12-18T10:56:00.000Z,-0.288000,3.71600,0.570000
2008-12-18T11:00:00.000Z,0.0410000,3.52800,1.14900
2008-12-18T11:04:00.000Z,-0.333000,3.73200,0.490000
2008-12-18T11:08:00.000Z,-0.407000,3.72700,0.621000
2008-12-18T11:12:00.000Z,-0.394000,3.75900,0.712000
2008-12-18T11:16:00.000Z,-0.361000,3.68200,0.709000
2008-12-18T11:20:00.000Z,-0.512000,3.71400,0.413000
2008-12-18T11:24:00.000Z,-0.371000,3.43900,1.29100
2008-12-18T11:28:00.000Z,-0.473000,3.67100,0.641000
2008-12-18T11:32:00.000Z,-0.557000,3.69900,0.549000
2008-12-18T11:36:00.000Z,-0.312000,3.74900,0.395000
2008-12-18T11:40:00.000Z,-1.80800,2.90100,-0.572000
2008-12-18T11:44:00.000Z,-1.95600,2.85000,-0.894000
2008-12-18T11:48:00.000Z,-1.19400,2.78100,-1.22500
2008-12-18T11:52:00.000Z,-1.14700,3.42800,-0.175000
2008-12-18T11:56:00.000Z,-1.27300,3.24900,-0.0160000
2008-12-18T12:00:00.000Z,-1.48900,3.04400,0.00900000
